,job,money,skill,ink,area,jobDes,inkDes
0,web前端开发工程师,13k-20k,区块链 JavaScript Angular Android,Pundi-Pundi,[深圳·南山区],“奖金福利、出国机会、高薪、Mac办公”,科技金融 / 不需要融资 / 50-150人
1,高级web前端开发工程师,25k-40k,软件服务｜咨询 C++ Windows Mac OS X react,EC,[深圳·科技园],“发展前景好，团队实力强，带薪年假，六险一金”,"软件服务｜咨询,IT技术服务｜咨询 / D轮及以上 / 150-500人"
2,web前端开发工程师,8k-13k,软件服务｜咨询 智能硬件 HTML CSS,GARMIN佳明,[成都·高新区],“带薪年假，周末双休，六险一金，定期体检”,智能硬件 / 上市公司 / 2000人以上
3,web前端开发工程师,9k-15k,软件服务｜咨询 IT技术服务｜咨询 JavaScript Html5,NSOC大数据智能、可视化,[上海·浦东新…],“氛围好、大牛云集、上升空间大”,"数据服务｜咨询,人工智能服务 / A轮 / 50-150人"
4,web前端开发工程师,10k-20k,IT技术服务｜咨询 信息安全 Vue,中软国际科技服务有限公司,[武汉·汉阳区],“团队年轻化、年度体检”,IT技术服务｜咨询 / 上市公司 / 2000人以上
5,web前端开发工程师,8k-13k,软件服务｜咨询 IT技术服务｜咨询,NSOC大数据智能、可视化,[上海·浦东新…],“发展前景好、上升空间大、氛围好、弹性工作”,"数据服务｜咨询,人工智能服务 / A轮 / 50-150人"
6,web前端开发工程师,10k-20k,软件服务｜咨询 IT技术服务｜咨询,电子五所,[广州·增城],“工业和信息化部直属事业单位”,专业服务｜咨询 / 不需要融资 / 2000人以上
7,web前端开发工程师,8k-15k,JavaScript Html5,同方泰德,[西安·未央区],“弹性上下班时间 办公环境好 交通便利”,"电商,数据服务 / 上市公司 / 500-2000人"
8,web前端开发工程师,10k-18k,智能硬件,Vibe,[杭州·余杭区],“外企氛围，人才密度高，成长空间大”,"智能硬件,软件服务｜咨询 / A轮 / 50-150人"
9,web前端开发工程师,8k-15k,智能硬件,同方泰德,[西安·未央区],“五险一金 补充医疗 各种补贴 弹性上下班”,"电商,数据服务 / 上市公司 / 500-2000人"
10,web前端开发工程师,8k-16k,软件服务｜咨询 IT技术服务｜咨询 JavaScript HTML ES6 前端架构,康德软件开发,[杭州·西溪],“五险一金”,软件服务｜咨询 / 不需要融资 / 50-150人
11,web前端开发助理,5k-9k,IT技术服务｜咨询 软件服务｜咨询 HTML Html5 CSS JavaScript Vue,新德胜企业管理咨询,[郑州·中原区],“高起薪，有工程师带”,"IT技术服务｜咨询,专业服务｜咨询,物联网 / 不需要融资 / 150-500人"
12,web前端开发工程师,6k-10k,软件服务｜咨询 JavaScript HTML jQuery,零与壹软件,[上海·七宝],“双休、五险一金、节日福利、年终奖、带薪年假”,工具类产品 / 不需要融资 / 15-50人
13,web前端工程师,12k-20k,软件服务｜咨询 JavaScript React Web前端开发 TypeScript,GTED-X,[深圳·福田区],"“五险一金,气氛好”",移动互联网 / 不需要融资 / 15-50人
14,web前端开发工程师,10k-20k,电商平台 工具类产品 JavaScript Angular Vue CSS,誉典网络,[武汉·武昌区],“腾讯SSV乡村振兴项目，薪资高有项目奖。”,IT技术服务｜咨询 / 天使轮 / 15-50人
15,web前端开发工程师,8k-13k,软件服务｜咨询 IT技术服务｜咨询 HTML CSS Vue 小程序开发 Uni-app,光速星球,[成都·武侯区],“项目分红，双休，股权期权，研发经验”,"移动互联网,企业服务 / 未融资 / 少于15人"
16,web前端开发工程师,12k-24k,IT技术服务｜咨询 数据服务｜咨询 HTML CSS JavaScript Vue,联通数字科技有限公司,[成都·高新区],“七险二金，发展平台”,"IT技术服务｜咨询,软件服务｜咨询 / 不需要融资 / 2000人以上"
17,web前端开发工程师,25k-30k,物流平台 JavaScript Node.js Android Vue React,快成,[北京·五道口],“真刀真枪、路径灵活、年轻人的PICK”,物流平台 / A轮 / 500-2000人
18,web前端开发工程师,15k-20k,物流平台,快成,[北京·五道口],“真刀真枪、路径灵活、年轻人的PICK”,物流平台 / A轮 / 500-2000人
19,web前端开发工程师,20k-40k,音频｜视频媒体 科技金融 JavaScript Vue 移动客户端开发,飞虎互动,[北京·中关村],“科技金融，前景很好”,IT技术服务｜咨询 / C轮 / 150-500人
20,web前端开发工程师,12k-17k,汽车交易平台 JavaScript TypeScript,睿翼智翔科技,[成都·龙泉],“五险一金，扁平化管理，不加班”,"软件服务｜咨询,数据服务｜咨询 / 不需要融资 / 15-50人"
21,web前端开发工程师,11k-17k,科技金融 Vue,CLPS,[合肥·包河区],“发展前景”,软件服务｜咨询 / 上市公司 / 500-2000人
22,web前端开发工程师,7k-12k,科技金融 分类信息 JavaScript Html5,天秤科技,[广州·天河区],“五险一金、周末双休、晋升空间大、行业前沿”,IT技术服务｜咨询 / 不需要融资 / 15-50人
23,web前端开发工程师,6k-9k,软件服务｜咨询 IT技术服务｜咨询 HTML PHP Html5,成都三朵云,[长沙·长沙县],“发展前景好。”,移动互联网 / 未融资 / 15-50人
24,Web前端开发工程师,9k-13k,软件服务｜咨询 IT技术服务｜咨询 JavaScript Spring SQL Server MySQL,华资软件,[武汉·中北路],“六险一金，福利好，大平台，大项目”,"软件服务｜咨询,IT技术服务｜咨询 / 不需要融资 / 500-2000人"
25,web前端开发工程师,18k-22k,电商平台 软件服务｜咨询 HTML CSS React Vue,马帮,[上海·闵行区],“B轮融资”,移动互联网 / B轮 / 500-2000人
26,web前端开发工程师,14k-21k,软件服务｜咨询 科技金融 React,CLPS,[上海·张江],“14天带薪年假，六险一金，周末双休不加班打卡”,软件服务｜咨询 / 上市公司 / 500-2000人
27,Web前端开发工程师,7k-12k,软件服务｜咨询 电商平台 Html5 React HTML5 Javascript CSS,诺怀软件,[重庆·石桥铺],"“最新的技术,大牛指导,不用加班,奖金保障”",软件服务｜咨询 / 未融资 / 50-150人
28,web前端开发工程师,10k-15k,物联网 CSS JavaScript,绿度追溯,[上海·松江区],“精通html、html5与css、css3”,移动互联网 / A轮 / 15-50人
29,web前端开发工程师,10k-18k,软件服务｜咨询 Vue,江苏优利信教育科技有限公司,[无锡·江阴市],“带薪年假 五险一金 节日福利 年终奖金 双休”,"软件开发,数据服务 / 未融资 / 50-150人"
30,Web前端开发工程师,8k-16k,IT技术服务｜咨询 营销服务｜咨询 JavaScript Angular Javascript,洲济通,[深圳·南山区],"“前景好,福利多,氛围棒”","IT技术服务｜咨询,营销服务｜咨询 / 天使轮 / 15-50人"
31,Web前端开发工程师,8k-12k,软件服务｜咨询 IT技术服务｜咨询 HTML CSS TCP/IP Node.js,普睿德利,[广州·越秀区],“发展前景、福利待遇、五险一金、年终奖”,"IT技术服务｜咨询,软件服务｜咨询,数据服务｜咨询 / 未融资 / 50-150人"
32,web前端开发工程师,9k-15k,软件服务｜咨询 IT技术服务｜咨询 JavaScript TypeScript Vue webGL,NSOC大数据智能、可视化,[上海·浦东新…],“技术提升快 弹性工作”,"数据服务｜咨询,人工智能服务 / A轮 / 50-150人"
33,web前端开发工程师,8k-16k,软件服务｜咨询 IT技术服务｜咨询 Vue Html5 CSS JavaScript,普睿德利,[东莞·东莞市…],“发展前景、福利待遇、五险一金、年终奖”,"IT技术服务｜咨询,软件服务｜咨询,数据服务｜咨询 / 未融资 / 50-150人"
34,web前端开发工程师,10k-18k,IT技术服务｜咨询 软件服务｜咨询 Vue Linux HTML JS,中软国际科技服务有限公司,[南京·江宁区],“氛围好，工资待遇优”,IT技术服务｜咨询 / 上市公司 / 2000人以上
35,web前端开发工程师,15k-20k,软件服务｜咨询 React Redux,CLPS,[上海·张江],“六险一金，14天带薪年假，1个月试用期”,软件服务｜咨询 / 上市公司 / 500-2000人
36,web前端开发工程师,8k-11k,软件服务｜咨询 JavaScript TypeScript Angular HTML5 Javascript CSS3,Aspentech,[上海·浦东新…],“15天年假 补充保险 试用期全额 周末双休”,软件服务｜咨询 / 上市公司 / 500-2000人
37,web前端开发工程师,8k-16k,软件服务｜咨询 IT技术服务｜咨询 JavaScript Html5 CSS Vue,天天数链,[北京·东城区],“可居家办公 年龄不设上限”,"软件服务｜咨询,IT技术服务｜咨询 / 不需要融资 / 150-500人"
38,web前端开发工程师,6k-12k,信息安全,CEPO,[南宁·良庆区],“稳定”,信息安全 / 不需要融资 / 50-150人
39,web前端开发工程师,8k-16k,软件服务｜咨询 IT技术服务｜咨询 JavaScript Html5 CSS Vue,天天数链,[石家庄·长安…],“可居家办公 年龄不设上限”,"软件服务｜咨询,IT技术服务｜咨询 / 不需要融资 / 150-500人"
40,web前端开发工程师,13k-18k,软件服务｜咨询 Vue,易用联友,[北京·海淀区],“五险一金，定期体检，员工旅游，节日福利”,工具 / 未融资 / 50-150人
41,web前端开发工程师,6k-12k,IT技术服务｜咨询 软件服务｜咨询 Vue,衡泽软件,[重庆·南岸区],“双休+各节日礼品+生日礼金”,工具类产品 / 未融资 / 50-150人
42,web前端开发工程师,8k-15k,IT技术服务｜咨询 Html5 React 移动端 Javascript,Topdeep,[南京·雨花台…],“五险一金、节日福利”,科技金融 / 未融资 / 15-50人
43,web前端开发工程师,14k-21k,软件服务｜咨询 科技金融 React,CLPS,[上海·张江],“14天带薪年假，六险一金，周末双休不加班打卡”,软件服务｜咨询 / 上市公司 / 500-2000人
44,web前端开发工程师,8k-15k,软件服务｜咨询 JavaScript 小程序开发 React native HTML HTML5,芦苇科技,[广州·东圃],“技术分享、带薪假期、晋升机会、年终奖”,IT技术服务｜咨询 / 不需要融资 / 50-150人
45,web前端开发工程师,8k-12k,软件服务｜咨询 数据服务｜咨询 JavaScript Html5,事成软件,[苏州·相城区],“技术大牛，团队氛围轻松，领导nice”,IT技术服务｜咨询 / 上市公司 / 50-150人
46,web前端开发工程师,13k-26k,工具类产品 软件服务｜咨询 JavaScript Angular Node.js HTML5,麦客CRM,[成都·红星路],“弹性工作；交通便利；办公环境好”,"软件服务｜咨询,工具类产品 / 不需要融资 / 15-50人"
47,web前端开发工程师,8k-15k,内容资讯 社交媒体 Vue jquery xhtml xml,TOM互联网集团,[深圳·大冲],“足额购买五险一金+补充医疗；年假+节日福利”,"工具类产品,内容资讯 / 上市公司 / 500-2000人"
48,web前端开发工程师,9k-15k,软件服务｜咨询 IT技术服务｜咨询 JavaScript TypeScript Vue webGL,NSOC大数据智能、可视化,[上海·浦东新…],“技术提升快 弹性工作”,"数据服务｜咨询,人工智能服务 / A轮 / 50-150人"
49,web前端开发工程师,8k-16k,软件服务｜咨询 IT技术服务｜咨询 JavaScript Html5 CSS Vue,天天数链,[郑州·中原区],“可居家办公 不设年龄上限”,"软件服务｜咨询,IT技术服务｜咨询 / 不需要融资 / 150-500人"
50,web前端开发工程师,10k-20k,IT技术服务｜咨询 软件服务｜咨询,NSOC大数据智能、可视化,[上海·浦东新…],“氛围好、大牛云集”,"数据服务｜咨询,人工智能服务 / A轮 / 50-150人"
51,web前端开发工程师,12k-20k,人工智能服务 在线医疗 JavaScript TypeScript Vue,颐邦科技,[北京·西三旗],"“清华团队,年终奖金2-6个月,五险一金”","医疗丨健康,硬件 / 不需要融资 / 50-150人"
52,web前端开发工程师,9k-18k,IT技术服务｜咨询 软件服务｜咨询 JavaScript CSS Vue HTML,中科软,[北京·五道口],“晋升空间 五险一金”,IT技术服务｜咨询 / 上市公司 / 2000人以上
53,web前端开发工程师,8k-16k,软件服务｜咨询 IT技术服务｜咨询 Html5 CSS JavaScript Vue,天天数链,[深圳·翠竹],“可居家办公 年龄不设上限”,"软件服务｜咨询,IT技术服务｜咨询 / 不需要融资 / 150-500人"
54,Web前端开发工程师,8k-16k,IT技术服务｜咨询 营销服务｜咨询 JavaScript Angular Javascript,洲济通,[深圳·南山区],"“前景好,福利多,氛围棒”","IT技术服务｜咨询,营销服务｜咨询 / 天使轮 / 15-50人"
55,Web前端开发工程师,8k-12k,软件服务｜咨询 IT技术服务｜咨询 HTML CSS TCP/IP Node.js,普睿德利,[广州·越秀区],“发展前景、福利待遇、五险一金、年终奖”,"IT技术服务｜咨询,软件服务｜咨询,数据服务｜咨询 / 未融资 / 50-150人"
56,web前端开发工程师,15k-20k,软件服务｜咨询 React Redux,CLPS,[上海·张江],“六险一金，14天带薪年假，1个月试用期”,软件服务｜咨询 / 上市公司 / 500-2000人
57,web前端开发工程师,10k-15k,电商平台 软件服务｜咨询 JavaScript Angular Node.js,翌擎智能,[成都·武侯区],“技术大牛，上升空间大”,"数据服务｜咨询,旅游｜出行 / A轮 / 150-500人"
58,web前端开发工程师,10k-15k,信息安全 HTML Html5 CSS Vue,杭州世平,[西安·雁塔区],“五险一金，交通补助，话费补助”,"IT技术服务｜咨询,信息安全 / B轮 / 150-500人"
59,web前端开发工程师,10k-18k,数据服务｜咨询 工具类产品,ZingFront智线,[武汉·关山],“周末双休 六险一金 超长年假 福利多多”,"IT技术服务｜咨询,数据服务｜咨询 / A轮 / 50-150人"
60,Web前端开发工程师,10k-20k,专业服务｜咨询,MDPI,[武汉·武昌区],“六险一金 带薪年假 综合补贴”,其他 / 不需要融资 / 500-2000人
61,web前端开发工程师,13k-20k,JavaScript TypeScript Html5 React Vue 科技 建筑科技,华阳国际城市科技,[深圳·福田区],"“班车餐补,周末双休,上市集团,15+年假”",IT技术服务｜咨询 / 上市公司 / 2000人以上
62,web前端开发工程师,10k-15k,IT技术服务｜咨询 软件服务｜咨询 JavaScript Html5 移动端,事成软件,[上海·浦东新…],“技术大牛，团队氛围轻松，领导nice”,IT技术服务｜咨询 / 上市公司 / 50-150人
63,web前端开发工程师,15k-25k,游戏 工具类产品,aoe,[深圳·科技园],“管理扁平 氛围和谐 技术大牛”,游戏 / A轮 / 50-150人
64,web前端开发工程师,8k-13k,电商平台 教育｜培训 HTML Vue 小程序开发,转角马科技,[长沙·望岳],“平台可塑性强，技术成长快，团队默契”,"软件服务｜咨询,电商平台 / 不需要融资 / 15-50人"
65,web前端开发工程师,14k-21k,软件服务｜咨询 科技金融 React,CLPS,[上海·张江],“14天带薪年假，六险一金，周末双休不加班打卡”,软件服务｜咨询 / 上市公司 / 500-2000人
66,web前端开发工程师,10k-15k,科技金融 电商平台 JavaScript Html5 CSS3,金汇金融,[北京·公主坟],“六险一金、绩效奖金、年度体检、福利丰富”,科技金融 / 不需要融资 / 15-50人
67,web前端开发工程师,15k-25k,电商平台 批发｜零售 JavaScript HTML React Vue,亿品,[上海·静安区],“双休不加班，团队氛围好，技术提升快”,营销服务｜咨询 / 不需要融资 / 150-500人
68,Web前端开发工程师,11k-18k,IT技术服务｜咨询 金融业 JavaScript Html5,京北方,[成都·高新区],“五险一金 周末双休 季度奖金 项目补助”,IT技术服务｜咨询 / 上市公司 / 2000人以上
69,web前端开发工程师,15k-25k,游戏 JavaScript Node.js,么么直播,[上海·七宝],“行业前景好，公司氛围棒，福利多多，晋升空间大”,MCN｜直播平台 / 不需要融资 / 50-150人
70,web前端开发工程师,9k-18k,科技金融 JavaScript HTML CSS Vue,京北方,[成都·高新区],“A股 餐补 项目奖金 周末双休”,IT技术服务｜咨询 / 上市公司 / 2000人以上
71,web前端开发工程师,10k-18k,IT技术服务｜咨询 网络通信,亚信,[北京·小关],“上市公司 重点项目 福利全面”,"软件服务｜咨询,IT技术服务｜咨询 / 上市公司 / 2000人以上"
72,web前端开发工程师,18k-25k,JavaScript Angular 工业互联网 Vue React HTML5,铸云网络,[北京·丰台区],“自研项目，项目稳定，朝九晚六”,"数据服务,区块链 / 不需要融资 / 2000人以上"
73,web前端开发工程师,13k-25k,JavaScript React SaaS,云境智仿,[北京·海淀区],“早期成员，施展空间大；工业软件，发展前景好”,"软件服务｜咨询,IT技术服务｜咨询 / 天使轮 / 少于15人"
74,web前端开发工程师,12k-18k,软件服务｜咨询 IT技术服务｜咨询 JavaScript CSS Vue 小程序开发,Each+,[上海·塘桥],“六险一金，带薪旅游，定期团建，下午茶等”,"营销服务｜咨询,人工智能服务 / 未融资 / 15-50人"
75,web前端开发工程师,15k-30k,电商平台 软件服务｜咨询 React Redux 移动端 React native Javascript,商联达,[北京·西三旗],“地铁边、前景好、待遇优”,"电商,软件开发 / 不需要融资 / 50-150人"
76,web前端开发工程师,14k-20k,软件服务｜咨询 科技金融 Vue,屹通信息,[北京·和平里],“五险一金、餐补、13薪”,"金融,数据服务 / 上市公司 / 2000人以上"
77,web前端开发工程师,9k-14k,物联网 IT技术服务｜咨询 HTML Html5 CSS,创立科技,[成都·神仙树],“web前端”,物联网 / 上市公司 / 500-2000人
78,web前端开发工程师,12k-16k,IT技术服务｜咨询 Vue,京北方,[成都·武侯区],“带薪年假，五险一金，周末双休”,IT技术服务｜咨询 / 上市公司 / 2000人以上
79,web前端开发工程师,15k-30k,物联网 网络通信 JavaScript Node.js Vue HTML CSS,skyroam,[深圳·南山区],“发展前景”,IT技术服务｜咨询 / C轮 / 150-500人
80,web前端开发工程师,15k-23k,信息安全 网络通信,微位科技,[深圳·科技园],“国家政策标准研究项目”,移动互联网 / B轮 / 50-150人
81,web前端开发工程师,10k-18k,软件服务｜咨询 JavaScript Html5 CSS Vue 银行,京北方,[成都·高新区],“项目稳定，季度奖金”,IT技术服务｜咨询 / 上市公司 / 2000人以上
82,Web前端开发工程师,8k-16k,IT技术服务｜咨询 营销服务｜咨询 JavaScript Angular Javascript,洲济通,[深圳·南山区],"“前景好,福利多,氛围棒”","IT技术服务｜咨询,营销服务｜咨询 / 天使轮 / 15-50人"
83,Web前端开发工程师,8k-12k,软件服务｜咨询 IT技术服务｜咨询 HTML CSS TCP/IP Node.js,普睿德利,[广州·越秀区],“发展前景、福利待遇、五险一金、年终奖”,"IT技术服务｜咨询,软件服务｜咨询,数据服务｜咨询 / 未融资 / 50-150人"
84,web前端开发工程师,15k-20k,软件服务｜咨询 React Redux,CLPS,[上海·张江],“六险一金，14天带薪年假，1个月试用期”,软件服务｜咨询 / 上市公司 / 500-2000人
85,web前端开发工程师,10k-15k,电商平台 软件服务｜咨询 JavaScript Angular Node.js,翌擎智能,[成都·武侯区],“技术大牛，上升空间大”,"数据服务｜咨询,旅游｜出行 / A轮 / 150-500人"
86,web前端开发工程师,11k-18k,软件服务｜咨询 IT技术服务｜咨询 JavaScript Html5 CSS Vue,卡莱博尔,[成都·武侯区],“弹性上班、周末双休、项目奖金”,数据服务｜咨询 / C轮 / 50-150人
87,web前端开发工程师,11k-18k,在线教育 JavaScript TypeScript Angular,智明未来教育,[成都·高新区],“五险一金，弹性上班，团队nice。”,在线教育 / A轮 / 150-500人
88,web前端开发工程师,15k-25k,软件服务｜咨询 Html5 Angular,畅岑科技,[上海·北京西…],“带薪年假 周末双休 节日福利”,"IT技术服务｜咨询,软件服务｜咨询 / 不需要融资 / 15-50人"
89,web前端开发工程师,10k-20k,IT技术服务｜咨询 网络通信,中软国际科技服务有限公司,[武汉·西马],“周末双休+五险一金”,IT技术服务｜咨询 / 上市公司 / 2000人以上
90,web前端开发工程师,14k-25k,软件服务｜咨询 IT技术服务｜咨询 JavaScript HTML React Vue,德科信息,[深圳·南山区],“Web es6 vue CSS 前端开发”,物联网 / 不需要融资 / 2000人以上
91,web前端开发工程师,18k-35k,软件服务｜咨询 人工智能服务 JavaScript CSS React Vue,斯智信息科技（上海）有限公司,[上海·徐汇区],“人工智能，氛围好；扁平化，机会多，上海落户”,"软件服务｜咨询,人工智能服务 / A轮 / 15-50人"
92,web前端开发工程师,16k-30k,网络通信 人工智能服务 JavaScript Html5 CSS React Vue,沃点网络,[上海·浦东新…],“双休、工作轻松稳定、有成长空间、五险一金”,"IT技术服务｜咨询,网络通信 / B轮 / 150-500人"
93,web前端开发工程师,16k-22k,汽车交易平台 科技金融 Vue,惠瀜,[杭州·萧山区],“团队稳定、规模大”,IT技术服务｜咨询 / B轮 / 150-500人
94,web前端开发工程师,15k-25k,软件服务｜咨询 JavaScript React Vue,微创软件,[深圳·新安],“五险一金，周末双休”,IT技术服务｜咨询 / 不需要融资 / 2000人以上
95,Web前端开发工程师,10k-20k,专业服务｜咨询,MDPI,[武汉·武昌区],“六险一金 带薪年假 综合补贴”,其他 / 不需要融资 / 500-2000人
96,web前端开发工程师,8k-15k,IT技术服务｜咨询 软件服务｜咨询 JavaScript CSS Vue,千航科技,[杭州·西兴],“五险一金 、双休、节日福利、团队旅游”,IT技术服务｜咨询 / 不需要融资 / 50-150人
97,web前端开发工程师,12k-22k,网络通信 JavaScript Html5 CSS Vue Node.js,梦网科技,[深圳·科技园],“上市公司周末双休超高薪资五险一金晋升空间”,"IT技术服务｜咨询,软件服务｜咨询 / 上市公司 / 500-2000人"
98,web前端开发工程师,8k-15k,软件服务｜咨询 JavaScript .NET Vue React CSS,51JOB,[武汉·东湖新…],“扁平化管理、年轻团队氛围好”,工具类产品 / 上市公司 / 2000人以上
99,web前端开发工程师,8k-16k,软件服务｜咨询 IT技术服务｜咨询 Html5 CSS JavaScript Vue,天天数链,[深圳·翠竹],“可居家办公 年龄不设上限”,"软件服务｜咨询,IT技术服务｜咨询 / 不需要融资 / 150-500人"
100,web前端开发工程师,16k-22k,软件服务｜咨询 金融业 HTML JavaScript React Vue,昊颖科技,[杭州·德胜],“团队氛围佳，福利待遇好”,"消费生活,电商 / 不需要融资 / 150-500人"
101,web前端开发工程师,10k-15k,IT技术服务｜咨询 软件服务｜咨询 JavaScript Html5 移动端,事成软件,[上海·浦东新…],“技术大牛，团队氛围轻松，领导nice”,IT技术服务｜咨询 / 上市公司 / 50-150人
102,web前端开发工程师,10k-20k,软件服务｜咨询 IT技术服务｜咨询 TypeScript Vue Node.js,Linkflow,[南京·开发区],“双休，先进的技术栈，扁平化管理”,软件服务｜咨询 / A轮 / 50-150人
103,web前端开发工程师,14k-21k,软件服务｜咨询 科技金融 React,CLPS,[上海·张江],“14天带薪年假，六险一金，周末双休不加班打卡”,软件服务｜咨询 / 上市公司 / 500-2000人
104,web前端开发工程师,15k-30k,IT技术服务｜咨询 HTML CSS Vue MyBatis,中软国际科技服务有限公司,[深圳·龙岗区],“周末双休，入职购买五险一金，上市公司”,IT技术服务｜咨询 / 上市公司 / 2000人以上
105,web前端开发工程师,12k-20k,TypeScript HTML CSS Node.js,中科软,[北京·海淀区],“未来可发展为项目经理或部门经理”,IT技术服务｜咨询 / 上市公司 / 2000人以上
106,web前端开发工程师,8k-12k,软件服务｜咨询 IT技术服务｜咨询 JAVA,雅捷,[南昌·解放东…],“公积金比例高 工作环境好”,软件服务｜咨询 / 上市公司 / 150-500人
107,web前端开发工程师,18k-25k,人工智能服务 Vue,人瑞,[合肥·蜀山区],“人工智能行业top企业”,专业服务｜咨询 / 上市公司 / 2000人以上
108,web前端开发工程师,20k-40k,数据服务｜咨询 人工智能服务,海天瑞声,[北京·五道口],“奖金”,人工智能 / 上市公司 / 150-500人
109,web前端开发工程师,18k-22k,MCN｜直播平台 社交媒体 TypeScript Angular 移动客户端开发 MVC开发,播呗,[上海·闵行区],“技术大拿，完善的培养通道”,MCN｜直播平台 / 未融资 / 150-500人
110,web前端工程师,8k-15k,软件服务｜咨询 在线医疗 HTML CSS Vue Web前端开发,深圳市创鑫互联通信技术有限公司,[深圳·大冲],“发展平台好”,"信息安全,医疗丨健康 / 未融资 / 15-50人"
111,web前端开发工程师,14k-20k,软件服务｜咨询 科技金融 Vue,屹通信息,[北京·和平里],“五险一金、餐补、13薪”,"金融,数据服务 / 上市公司 / 2000人以上"
112,web前端开发工程师,8k-12k,在线教育 教育｜培训 JavaScript Vue Angular React HTML,之了,[成都·郫县],“五险一金、年度体检、全勤奖、年底双薪”,"在线教育,内容资讯 / 不需要融资 / 500-2000人"
113,Web前端开发工程师,8k-16k,IT技术服务｜咨询 营销服务｜咨询 JavaScript Angular Javascript,洲济通,[深圳·南山区],"“前景好,福利多,氛围棒”","IT技术服务｜咨询,营销服务｜咨询 / 天使轮 / 15-50人"
114,Web前端开发工程师,8k-12k,软件服务｜咨询 IT技术服务｜咨询 HTML CSS TCP/IP Node.js,普睿德利,[广州·越秀区],“发展前景、福利待遇、五险一金、年终奖”,"IT技术服务｜咨询,软件服务｜咨询,数据服务｜咨询 / 未融资 / 50-150人"
115,web前端开发工程师,12k-24k,IT技术服务｜咨询 软件服务｜咨询 JavaScript 移动前端开发,软通动力,[深圳·龙岗区],“前沿业务”,IT技术服务｜咨询 / 不需要融资 / 2000人以上
116,web前端开发工程师,15k-20k,软件服务｜咨询 React Redux,CLPS,[上海·张江],“六险一金，14天带薪年假，1个月试用期”,软件服务｜咨询 / 上市公司 / 500-2000人
117,web前端工程师,8k-15k,科技金融 软件服务｜咨询 JavaScript Angular Node.js Vue,中富金石,[成都·高新区],“六险一金，周末双休，节假日福利，绩效奖金”,"科技金融,IT技术服务｜咨询 / 不需要融资 / 150-500人"
118,web前端开发工程师,16k-22k,软件服务｜咨询 金融业 HTML JavaScript React Vue,昊颖科技,[杭州·德胜],“团队氛围佳，福利待遇好”,"消费生活,电商 / 不需要融资 / 150-500人"
119,web前端开发工程师,18k-22k,React Vue Angular 银行/金融,京北方,[北京·朝阳区],“五险一金 餐补”,IT技术服务｜咨询 / 上市公司 / 2000人以上
120,web前端开发工程师,8k-16k,软件服务｜咨询 IT技术服务｜咨询 Html5 CSS JavaScript Vue,天天数链,[深圳·翠竹],“可居家办公 年龄不设上限”,"软件服务｜咨询,IT技术服务｜咨询 / 不需要融资 / 150-500人"
121,web前端开发工程师,15k-22k,科技金融 JavaScript HTML CSS 小程序开发,中科软,[北京·五道口],“每年两次加薪机会，上升快，人很NICE”,IT技术服务｜咨询 / 上市公司 / 2000人以上
122,Web前端开发工程师,12k-20k,新零售 生活服务 JavaScript HTML CSS,西西弗书店,[重庆·大坪],“五险一金、节日福利、氛围融洽”,新媒体 / 不需要融资 / 2000人以上
123,Web前端开发工程师,15k-25k,电商平台 旅游｜出行,KLOOK 客路旅行,[上海·杨浦区],“行业独角兽”,旅游｜出行 / D轮及以上 / 500-2000人
124,web前端工程师,8k-15k,新零售 电商平台 TypeScript Vue Node.js,大气候,[广州·天河区],“公司1年2次调级调薪，团队特团结且有活力”,"数据服务｜咨询,新零售,农林牧渔 / 不需要融资 / 50-150人"
125,web前端开发工程师,13k-26k,软件服务｜咨询 IT技术服务｜咨询 Vue React Angular,中软国际科技服务有限公司,[西安·高新技…],“团队氛围很好，领导nice”,IT技术服务｜咨询 / 上市公司 / 2000人以上
126,Web前端开发工程师,15k-30k,工具类产品 软件服务｜咨询 HTML CSS HTML5 Javascript Node.js,51JOB,[上海·张江],“五险一金，技术大牛，团队氛围超级棒”,工具类产品 / 上市公司 / 2000人以上
127,web前端开发工程师,16k-22k,汽车交易平台 科技金融 Vue,惠瀜,[杭州·萧山区],“团队稳定、规模大”,IT技术服务｜咨询 / B轮 / 150-500人
128,web前端开发工程师,20k-40k,新能源汽车制造 JavaScript Html5 React Vue,集度汽车,[北京·朝阳区],“扁平化，发展空间大，福利完善”,新能源汽车制造 / 未融资 / 150-500人
129,web前端开发工程师,20k-40k,软件服务｜咨询 JavaScript Html5 React Node.js,泛微,[上海·浦江],“美味三餐、免费班车接送、平台大、领导好”,软件服务｜咨询 / 上市公司 / 2000人以上
130,web前端开发工程师,8k-16k,IT技术服务｜咨询 JavaScript Html5,遍享信息,[武汉·西北湖],“福利待遇好”,IT技术服务｜咨询 / 未融资 / 150-500人
131,Web前端开发工程师,10k-20k,专业服务｜咨询,MDPI,[武汉·武昌区],“六险一金 带薪年假 综合补贴”,其他 / 不需要融资 / 500-2000人
132,web前端开发工程师,12k-24k,IT技术服务｜咨询 金融业 JavaScript React Vue,京北方,[珠海·香洲区],“双休 五险一金 年度加薪”,IT技术服务｜咨询 / 上市公司 / 2000人以上
133,web前端开发工程师,13k-22k,金融业 IT技术服务｜咨询 Vue React,京北方,[北京·万寿寺],“五险一金 双休 餐补”,IT技术服务｜咨询 / 上市公司 / 2000人以上
134,web前端开发工程师,10k-15k,软件服务｜咨询 Vue,安鸿科技,[杭州·文三路],“团队友好”,"移动互联网,数据服务 / 上市公司 / 50-150人"
135,web前端开发工程师,14k-21k,软件服务｜咨询 科技金融 React,CLPS,[上海·张江],“14天带薪年假，六险一金，周末双休不加班打卡”,软件服务｜咨询 / 上市公司 / 500-2000人
136,web前端开发工程师,10k-15k,IT技术服务｜咨询 软件服务｜咨询 JavaScript Html5 小程序开发 Vue,上海意鹰信息技术有限公司,[上海·虹梅路],“福利、奖金、股权激励、双休、团建、体检、旅游”,IT技术服务｜咨询 / B轮 / 150-500人
137,web前端开发工程师,10k-17k,科技金融 移动服务端开发 Html5 JavaScript CSS,CLPS,[大连·高新园…],“14天带薪假期”,软件服务｜咨询 / 上市公司 / 500-2000人
138,web前端开发工程师,17k-30k,IT技术服务｜咨询 JavaScript Vue,和联共识,[北京·左家庄],“节假日福利”,"IT技术服务｜咨询,区块链 / 不需要融资 / 50-150人"
139,web前端开发工程师,15k-22k,新媒体 物流｜运输 CSS HTML Html5 React Vue,华洋峻峰,[北京·安定门],“带薪年假15天，年终奖”,IT技术服务｜咨询 / 天使轮 / 15-50人
140,web前端开发工程师,6k-12k,物联网 JavaScript React Vue 移动前端开发,云统科技,[嘉兴·南湖区],“五险一金、年终奖金、员工旅游、定期体检”,"移动互联网,数据服务 / 未融资 / 15-50人"
141,WEB前端开发工程师,15k-30k,软件服务｜咨询 JavaScript HTML Vue Angular,中软国际科技服务有限公司,[南京·江宁区],“五险一金、带薪休假、快速晋升”,IT技术服务｜咨询 / 上市公司 / 2000人以上
142,web前端开发工程师,12k-20k,软件服务｜咨询 Vue,51JOB,[上海·张江],“公司平台大，晋升机制透明，员工福利完善”,工具类产品 / 上市公司 / 2000人以上
143,web前端开发工程师,12k-18k,社交平台 Vue JavaScript Html5 HTML 移动前端开发,任性智能科技,[杭州·滨江区],“双休”,休闲｜娱乐 / A轮 / 50-150人
144,web前端开发工程师,14k-20k,软件服务｜咨询 科技金融 Vue,屹通信息,[北京·和平里],“五险一金、餐补、13薪”,"金融,数据服务 / 上市公司 / 2000人以上"
145,web前端开发工程师,8k-16k,软件服务｜咨询 IT技术服务｜咨询 Html5 CSS JavaScript Vue,天天数链,[深圳·翠竹],“可居家办公 年龄不设上限”,"软件服务｜咨询,IT技术服务｜咨询 / 不需要融资 / 150-500人"
146,web前端开发工程师,10k-18k,JavaScript Html5,遍享信息,[北京·朝外],"“福利待遇好,年终奖金”",IT技术服务｜咨询 / 未融资 / 150-500人
147,Web前端开发工程师,8k-16k,IT技术服务｜咨询 营销服务｜咨询 JavaScript Angular Javascript,洲济通,[深圳·南山区],"“前景好,福利多,氛围棒”","IT技术服务｜咨询,营销服务｜咨询 / 天使轮 / 15-50人"
148,Web前端开发工程师,8k-12k,软件服务｜咨询 IT技术服务｜咨询 HTML CSS TCP/IP Node.js,普睿德利,[广州·越秀区],“发展前景、福利待遇、五险一金、年终奖”,"IT技术服务｜咨询,软件服务｜咨询,数据服务｜咨询 / 未融资 / 50-150人"
149,web前端开发工程师,20k-30k,物联网 能源｜矿产｜环保 Vue,殷图网联,[北京·西三旗],“六险一金，周末双休，生日福利，带薪年假”,物联网 / 上市公司 / 50-150人
150,web前端开发工程师,16k-22k,汽车交易平台 科技金融 Vue,惠瀜,[杭州·萧山区],“团队稳定、规模大”,IT技术服务｜咨询 / B轮 / 150-500人
151,WEB前端开发工程师 (MJ000186),15k-30k,工具类产品 软件服务｜咨询 JavaScript Html5 CSS MySQL,万兴科技集团,[深圳·南山区],“上市公司 团队氛围好 成长空间大”,"工具类产品,软件服务｜咨询 / 上市公司 / 500-2000人"
152,web前端开发工程师,8k-16k,IT技术服务｜咨询 JavaScript Html5,遍享信息,[武汉·西北湖],“福利待遇好”,IT技术服务｜咨询 / 未融资 / 150-500人
153,Web前端开发工程师,10k-20k,专业服务｜咨询,MDPI,[武汉·武昌区],“六险一金 带薪年假 综合补贴”,其他 / 不需要融资 / 500-2000人
154,web前端开发工程师,10k-15k,软件服务｜咨询 Vue,安鸿科技,[杭州·文三路],“团队友好”,"移动互联网,数据服务 / 上市公司 / 50-150人"
155,web前端开发工程师,15k-25k,软件服务｜咨询 物联网 JavaScript Html5,易流,[深圳·南山区],“平台大、氛围良好、机会多，奖金多多”,"软件服务｜咨询,IT技术服务｜咨询 / 不需要融资 / 500-2000人"
156,web前端工程师,14k-25k,JavaScript Angular Html5,中电金信,[北京·海淀区],“六险一金”,"IT技术服务｜咨询,软件服务｜咨询 / 不需要融资 / 2000人以上"
157,web前端开发工程师,25k-45k,房地产｜建筑｜物业 CSS JavaScript HTML Html5,五八同城信息技术有限公司,[北京·酒仙桥],“大厂”,居住服务 / 上市公司 / 500-2000人
158,web前端开发工程师,15k-30k,软件服务｜咨询 人工智能服务 JAVA C语言 C++ Python JavaScript,某知名企业,[西安·雁塔区],“技术专家一对一培养”,
159,web前端开发工程师,10k-15k,IT技术服务｜咨询 软件服务｜咨询 JavaScript Html5 小程序开发 Vue,上海意鹰信息技术有限公司,[上海·虹梅路],“福利、奖金、股权激励、双休、团建、体检、旅游”,IT技术服务｜咨询 / B轮 / 150-500人
160,web前端开发工程师,18k-35k,IT技术服务｜咨询 JavaScript TypeScript React Vue,,[深圳·坂田],“五险一金，高薪资，双休”,企业服务 / 未融资 / 2000人以上
161,web前端开发工程师,10k-20k,物联网 JavaScript SQL Server,云统科技,[上海·张江],“班车食堂、五险一金、补充公积金、年终奖、体检”,"移动互联网,数据服务 / 未融资 / 15-50人"
162,web前端工程师,20k-40k,电商平台 新零售 JavaScript TypeScript Angular,上海迪士尼度假区,[上海·浦东新…],“平台大 福利好”,"文娱丨内容,旅游 / 上市公司 / 2000人以上"
163,web前端开发工程师,20k-38k,工具类产品 软件服务｜咨询 C++ JavaScript HTML Html5 Flutter,元象唯思控股（深圳）有限公司,[深圳·科技园],“腾讯专家团队 六险一金 弹性上班 氛围轻松”,"软件服务｜咨询,数据服务｜咨询,人工智能服务 / A轮 / 50-150人"
164,web前端开发工程师,15k-25k,软件服务｜咨询 人工智能服务 JavaScript Html5 React Vue,世纪高通,[北京·西北旺],“核心开发 全勤奖 免费班车 八险一金”,数据服务｜咨询 / 上市公司 / 150-500人
165,web前端开发工程师,10k-20k,物联网 区块链 JavaScript Html5,中城科技,[上海·塘桥],“五险一金 带薪年假 奖金 福利补贴 股票期权”,IT技术服务｜咨询 / B轮 / 150-500人
166,Web前端开发工程师,8k-12k,软件服务｜咨询 IT技术服务｜咨询 HTML CSS TCP/IP Node.js,普睿德利,[广州·越秀区],“发展前景、福利待遇、五险一金、年终奖”,"IT技术服务｜咨询,软件服务｜咨询,数据服务｜咨询 / 未融资 / 50-150人"
167,Web前端开发工程师,25k-35k,人工智能服务 工具类产品 JavaScript HTML CSS Vue,数位大数据科技,[深圳·南山区],“扁平化 下午茶 福利多 弹性 发展前景好”,人工智能服务 / C轮 / 150-500人
168,Web前端工程师,10k-15k,软件服务｜咨询 IT技术服务｜咨询 JavaScript Web前端开发 HTML ES6,多算科技,[杭州·余杭区],“周末双休、带薪年假、五险一金、年终奖”,"软件服务｜咨询,数据服务｜咨询,人工智能服务 / 未融资 / 15-50人"
169,web前端开发工程师,16k-25k,内容资讯 JavaScript Html5 Vue,深圳市音动文化传媒有限公司,[深圳·科技园],“扁平管理 双休 加薪福利 自研项目”,"社交媒体,内容社区,短视频 / 不需要融资 / 50-150人"
170,web前端开发工程师,20k-40k,JavaScript TypeScript,每平每屋设计家,[上海·浦东新…],“有挑战的事，上升空间大”,"新零售,工具类产品 / 不需要融资 / 150-500人"
171,web前端开发工程师,14k-28k,软件服务｜咨询 Web后端开发,,[深圳·坂田],“发展前景广”,企业服务 / 未融资 / 2000人以上
172,web前端开发工程师,15k-30k,软件服务｜咨询,上海飞未,[上海·闵行区],“大牛带队 自研平台 弹性工作 待遇丰厚”,移动互联网 / B轮 / 500-2000人
173,web前端工程师,16k-19k,IT技术服务｜咨询 软件服务｜咨询 HTML Html5 Vue Node.js,中软国际科技服务有限公司,[北京·海淀区],“带薪年假”,IT技术服务｜咨询 / 上市公司 / 2000人以上
174,web前端开发工程师,10k-20k,软件服务｜咨询 C# .NET Spring,上海葡萄城,[上海·金桥],“带薪年假、年度体检、薪资福利好、弹性工作”,IT技术服务｜咨询 / 不需要融资 / 150-500人
175,web前端工程师,12k-18k,JavaScript Web前端开发 React 前端开发 HTML5,GTED-X,[上海·长风公…],"“五险一金,弹性工作, 宽松环境”",移动互联网 / 不需要融资 / 15-50人
176,web前端工程师,8k-16k,教育｜培训 IT技术服务｜咨询 JavaScript HTML CSS,英荔教育,[广州·天河北],“双休 带薪假 年假 晋升大 气氛融洽”,在线教育 / 天使轮 / 50-150人
177,web前端工程师,9k-18k,IT技术服务｜咨询 软件服务｜咨询 JavaScript HTML Html5 React Vue,遍享信息,[深圳·南山区],“福利待遇好”,IT技术服务｜咨询 / 未融资 / 150-500人
178,前端开发工程师,9k-15k,数据服务｜咨询 软件服务｜咨询 React Vue Web前端开发,弘连网络,[杭州·上城区],“技术大牛 优秀团队”,数据服务｜咨询 / A轮 / 150-500人
179,web前端开发工程师,20k-40k,JavaScript TypeScript Angular React Vue,北京京东世纪贸易有限公司,[北京·大兴区],“五险一金 带薪休假 岗位晋升”,电商平台 / 上市公司 / 2000人以上
180,web前端开发工程师,15k-25k,软件服务｜咨询 物联网 JavaScript Html5,易流,[深圳·南山区],“平台大、氛围良好、机会多，奖金多多”,"软件服务｜咨询,IT技术服务｜咨询 / 不需要融资 / 500-2000人"
181,web前端开发工程师,15k-20k,专业服务｜咨询 JavaScript Angular,德衍睿通,[北京·朝阳区],“非外包，弹性工作制，不要求996”,"专业服务｜咨询,IT技术服务｜咨询 / 不需要融资 / 15-50人"
182,web前端开发工程师,15k-30k,软件服务｜咨询 人工智能服务 JavaScript HTML CSS React Vue,淡竹体育,[上海·徐汇区],“国家高新企业、人工智能企业，蓝海市场！”,IT技术服务｜咨询 / 未融资 / 15-50人
183,web前端开发工程师,20k-40k,TypeScript JavaScript,每平每屋设计家,[上海·潍坊],“阿里旗下， autodesk团队”,"新零售,工具类产品 / 不需要融资 / 150-500人"
184,web前端开发工程师,10k-15k,IT技术服务｜咨询 软件服务｜咨询 JavaScript Html5 小程序开发 Vue,上海意鹰信息技术有限公司,[上海·虹梅路],“福利、奖金、股权激励、双休、团建、体检、旅游”,IT技术服务｜咨询 / B轮 / 150-500人
185,web前端工程师,8k-12k,软件服务｜咨询 IT技术服务｜咨询 Web前端开发 小程序开发,开科唯识,[哈尔滨·松北…],“不加班，清闲，稳定”,软件服务｜咨询 / C轮 / 500-2000人
186,web前端工程师,10k-15k,软件服务｜咨询 人工智能服务 HTML Vue Web前端开发,赛意,[武汉·洪山区],“上市企业 独立办公大楼 13薪 团队nice”,IT技术服务｜咨询 / 上市公司 / 2000人以上
187,web前端工程师,14k-23k,软件服务｜咨询 工具类产品 JavaScript PHP Python TypeScript React,AUTODESK,[上海·东方路],“不加班 国际化团队 可在家办公 文化好”,软件服务｜咨询 / 上市公司 / 500-2000人
188,web前端工程师,20k-30k,在线教育 TypeScript React,十方融海集团,[深圳·科技园],“周末双休 早餐补贴 包中餐 年终奖金”,在线教育 / A轮 / 500-2000人
189,web前端开发工程师,10k-15k,人工智能服务 物联网 JavaScript Html5,富士智能,[深圳·西丽],“职位发展空间，领导好”,人工智能服务 / 不需要融资 / 150-500人
190,web前端开发工程师,12k-15k,软件服务｜咨询 IT技术服务｜咨询 JavaScript Vue,蜘点集团,[广州·石牌],“氛围好 晋升通道 股权 行业前景好 自研产品”,"软件服务｜咨询,人工智能服务,区块链 / 不需要融资 / 150-500人"
191,web前端开发工程师,15k-30k,科技金融 TypeScript JavaScript Node.js Html5,中国人寿财险金融科技中心,[北京·海淀区],“六险二金，上五休二，交通，餐补，健身房，班车”,金融业 / 上市公司 / 2000人以上
192,Web前端开发工程师,20k-35k,JavaScript Angular HTML CSS,小黑盒,[北京·朝阳区],"“北大博士,腾讯大牛,电竞大数据,期权激励”","游戏,内容社区 / B轮 / 50-150人"
193,WEB前端工程师,12k-20k,科技金融 JavaScript Angular Web前端开发 HTML Angularjs,Webull,[长沙·观沙岭],"“五险一金,年终绩效,餐补”",科技金融 / C轮 / 150-500人
194,web前端开发工程师,10k-15k,软件服务｜咨询 人工智能服务,优迈科思,[海口·美兰区],“将与一群优秀，有才有趣有理想的同事共事。”,企业服务 / A轮 / 15-50人
195,web前端开发工程师,20k-40k,新能源汽车制造 游戏 HTML Html5 Linux,沐瞳科技,[上海·闵行区],“福利好，平台大”,游戏 / 不需要融资 / 500-2000人
196,web前端开发工程师,20k-40k,企业服务 云计算 Angular React,速石科技,[上海·杨浦区],“发展空间大 工作氛围佳 扁平化管理”,人工智能服务 / B轮 / 50-150人
197,web前端开发工程师,10k-20k,物联网 区块链 JavaScript Html5,中城科技,[上海·塘桥],“五险一金 带薪年假 奖金 福利补贴 股票期权”,IT技术服务｜咨询 / B轮 / 150-500人
198,Web前端开发工程师,8k-12k,软件服务｜咨询 IT技术服务｜咨询 HTML CSS TCP/IP Node.js,普睿德利,[广州·越秀区],“发展前景、福利待遇、五险一金、年终奖”,"IT技术服务｜咨询,软件服务｜咨询,数据服务｜咨询 / 未融资 / 50-150人"
199,Web前端开发工程师,25k-35k,人工智能服务 工具类产品 JavaScript HTML CSS Vue,数位大数据科技,[深圳·南山区],“扁平化 下午茶 福利多 弹性 发展前景好”,人工智能服务 / C轮 / 150-500人
200,web前端开发工程师,12k-18k,软件服务｜咨询 IT技术服务｜咨询 HTML CSS JavaScript Web后端开发,北京数联领航网络科技有限公司,[北京·海淀区],“上市公司，大牛带队，福利完善”,IT技术服务｜咨询 / 未融资 / 50-150人
201,Web前端工程师,10k-15k,软件服务｜咨询 IT技术服务｜咨询 JavaScript Web前端开发 HTML ES6,多算科技,[杭州·余杭区],“周末双休、带薪年假、五险一金、年终奖”,"软件服务｜咨询,数据服务｜咨询,人工智能服务 / 未融资 / 15-50人"
202,web前端开发工程师,13k-20k,区块链 JavaScript Angular Android,Pundi-Pundi,[深圳·南山区],“奖金福利、出国机会、高薪、Mac办公”,科技金融 / 不需要融资 / 50-150人
203,web前端开发工程师,20k-40k,JavaScript TypeScript,每平每屋设计家,[上海·浦东新…],“有挑战的事，上升空间大”,"新零售,工具类产品 / 不需要融资 / 150-500人"
204,web前端开发工程师,12k-17k,在线医疗 JavaScript TypeScript HTML Html5 Flutter,医朵云,[成都·武侯区],“平台大，领导好，项目牛，技术强，成长发展快”,"在线医疗,医疗｜保健｜美容 / 不需要融资 / 2000人以上"
205,Web前端工程师,15k-30k,电商平台 JavaScript Vue Angular Web前端开发 Windows,国家能源集团物资有限公司电子商务中心,[北京·丰台区],“央企稳定平台”,电商平台 / 未融资 / 50-150人
206,web前端开发工程师,15k-30k,软件服务｜咨询,上海飞未,[上海·闵行区],“大牛带队 自研平台 弹性工作 待遇丰厚”,移动互联网 / B轮 / 500-2000人
207,web前端开发工程师,10k-20k,软件服务｜咨询 C# .NET Spring,上海葡萄城,[上海·金桥],“带薪年假、年度体检、薪资福利好、弹性工作”,IT技术服务｜咨询 / 不需要融资 / 150-500人
208,web前端工程师,12k-24k,软件服务｜咨询 IT技术服务｜咨询 React Vue Angular,PwC,[上海·张江],“福利待遇/发展前景”,科技金融 / 未融资 / 500-2000人
209,web前端工程师,8k-16k,教育｜培训 IT技术服务｜咨询 JavaScript HTML CSS,英荔教育,[广州·天河北],“双休 带薪假 年假 晋升大 气氛融洽”,在线教育 / 天使轮 / 50-150人
210,web前端开发工程师,8k-16k,IT技术服务｜咨询 JavaScript Html5,遍享信息,[武汉·西北湖],“福利待遇好”,IT技术服务｜咨询 / 未融资 / 150-500人
211,web前端开发工程师,18k-35k,IT技术服务｜咨询 JavaScript TypeScript React Vue,,[深圳·坂田],“五险一金，高薪资，双休”,企业服务 / 未融资 / 2000人以上
212,web前端开发工程师,8k-10k,制造业 Html5 JavaScript CSS 工业自动化,怡合达自动化,[东莞·东莞市…],“包吃包住，年底多薪，晋升机会大”,"移动互联网,其他 / D轮及以上 / 2000人以上"
213,web前端开发工程师,18k-30k,IT技术服务｜咨询 JavaScript Vue HTML5,中软国际科技服务有限公司,[深圳·坂田],“五险一金 大项目背景”,IT技术服务｜咨询 / 上市公司 / 2000人以上
214,web前端开发工程师,18k-28k,软件服务｜咨询 IT技术服务｜咨询 JavaScript React Redux SQL Server,优迈科思,[杭州·西湖区],“餐贴 年终奖 体检 团建 下午茶点心 积极向上”,企业服务 / A轮 / 15-50人
215,web前端开发工程师,15k-25k,软件服务｜咨询 物联网 JavaScript Html5,易流,[深圳·南山区],“平台大、氛围良好、机会多，奖金多多”,"软件服务｜咨询,IT技术服务｜咨询 / 不需要融资 / 500-2000人"
216,web前端开发工程师,14k-26k,在线医疗 JavaScript React Vue 小程序开发 uni-app,医朵云,[苏州·虎丘区],“周末双休，五险一金，技术氛围好，福利待遇佳”,"在线医疗,医疗｜保健｜美容 / 不需要融资 / 2000人以上"
217,web前端开发工程师,12k-18k,网络通信 Html5 Angular,广州天越电子科技有限公司,[广州·萝岗区],“周末双休 节日福利 项目奖”,网络通信 / 不需要融资 / 150-500人
218,web前端开发工程师,10k-15k,IT技术服务｜咨询 软件服务｜咨询 JavaScript Html5 小程序开发 Vue,上海意鹰信息技术有限公司,[上海·虹梅路],“福利、奖金、股权激励、双休、团建、体检、旅游”,IT技术服务｜咨询 / B轮 / 150-500人
219,web前端开发工程师,12k-18k,电商平台 Vue React,微创软件,[成都·双楠],“六险一金”,IT技术服务｜咨询 / 不需要融资 / 2000人以上
220,web前端开发工程师,6k-10k,软件服务｜咨询 物联网 JavaScript Objective-C Vue,海视嘉安,[嘉兴·南湖区],“国企控股、上市公司合资公司”,软件服务｜咨询 / 未融资 / 50-150人
221,web前端开发工程师,15k-23k,物流｜运输 JavaScript Html5 HTML5,圆通,[杭州·仓前],“做五休二，少加班”,物流｜运输 / 上市公司 / 2000人以上
222,web前端开发工程师,12k-20k,软件服务｜咨询 人工智能服务 Vue,碧蔓智能科技,[上海·闵行区],“周末双休、年终奖金、五险一金、带薪年假”,软件开发 / 未融资 / 15-50人
223,web前端开发工程师,15k-20k,IT技术服务｜咨询 物联网 JavaScript HTML CSS Spring,润江科技,[深圳·新安],“1-2薪绩效奖，团队建设完善”,"人工智能服务,IT技术服务｜咨询 / 未融资 / 50-150人"
224,web前端开发工程师,20k-30k,科技金融 软件服务｜咨询 JavaScript HTML CSS VUE react,华成峰科技,[成都·武侯区],“13薪、五险一金、双休、各类福利、稳定发展”,"硬件,数据服务 / 不需要融资 / 500-2000人"
225,WEB前端开发工程师,15k-30k,游戏 TypeScript HTML React Vue Node,沐瞳科技,[上海·闵行区],“大流量，福利好，发展空间大，团队氛围极好”,游戏 / 不需要融资 / 500-2000人
226,web前端开发工程师,10k-20k,科技金融 JAVA HTML Html5 CSS,兴业数金,[上海·唐镇],“团队年轻”,科技金融 / 不需要融资 / 500-2000人
227,WEB前端工程师,12k-20k,科技金融 JavaScript Angular Web前端开发 HTML Angularjs,Webull,[长沙·观沙岭],"“五险一金,年终绩效,餐补”",科技金融 / C轮 / 150-500人
228,Web前端开发工程师,12k-20k,Angular React,招商证券金融科技中心,[武汉·洪山区],“六险二金、通讯补贴、餐补、免费培训”,金融业 / 上市公司 / 2000人以上
229,web前端开发工程师,18k-22k,React Vue Angular 银行/金融,京北方,[北京·朝阳区],“五险一金 餐补”,IT技术服务｜咨询 / 上市公司 / 2000人以上
230,web前端开发工程师,9k-12k,人工智能服务 工具类产品 JavaScript HTML Vue,蓝色脉动,[北京·良乡],“大牛带队成长快，全额五险一金，福利多”,人工智能服务 / A轮 / 15-50人
231,web前端开发工程师,10k-20k,物联网 区块链 JavaScript Html5,中城科技,[上海·塘桥],“五险一金 带薪年假 奖金 福利补贴 股票期权”,IT技术服务｜咨询 / B轮 / 150-500人
232,Web前端开发工程师,25k-35k,人工智能服务 工具类产品 JavaScript HTML CSS Vue,数位大数据科技,[深圳·南山区],“扁平化 下午茶 福利多 弹性 发展前景好”,人工智能服务 / C轮 / 150-500人
233,web前端开发工程师,13k-15k,人工智能服务 移动客户端开发 移动前端开发 小程序开发 移动服务端开发,微创软件,[北京·中关村],“上市公司 互联网人工智能大厂”,IT技术服务｜咨询 / 不需要融资 / 2000人以上
234,web前端开发工程师,13k-19k,软件服务｜咨询 人工智能服务 小程序开发,微创软件,[上海·虹梅路],“六险一金 周末双休 上市公司”,IT技术服务｜咨询 / 不需要融资 / 2000人以上
235,web前端开发工程师,8k-12k,信息安全 Vue Spring,合力亿捷,[郑州·高新区],“上市公司、六险一金”,软件服务｜咨询 / 上市公司 / 500-2000人
236,Web前端工程师,10k-15k,软件服务｜咨询 IT技术服务｜咨询 JavaScript Web前端开发 HTML ES6,多算科技,[杭州·余杭区],“周末双休、带薪年假、五险一金、年终奖”,"软件服务｜咨询,数据服务｜咨询,人工智能服务 / 未融资 / 15-50人"
237,web前端开发工程师,13k-20k,区块链 JavaScript Angular Android,Pundi-Pundi,[深圳·南山区],“奖金福利、出国机会、高薪、Mac办公”,科技金融 / 不需要融资 / 50-150人
238,web前端开发工程师,20k-40k,JavaScript TypeScript,每平每屋设计家,[上海·浦东新…],“有挑战的事，上升空间大”,"新零售,工具类产品 / 不需要融资 / 150-500人"
239,web前端开发工程师,18k-30k,工具类产品 React,企企科技,[北京·五道口],“年底奖金 期权”,IT技术服务｜咨询 / B轮 / 150-500人
240,web前端开发工程师,8k-12k,游戏 JAVA React Redux,西山居游戏,[成都·高新区],“带薪年假、午餐补助、免费早餐、年度旅游”,游戏 / 不需要融资 / 2000人以上
241,web前端工程师,8k-16k,教育｜培训 IT技术服务｜咨询 JavaScript HTML CSS,英荔教育,[广州·天河北],“双休 带薪假 年假 晋升大 气氛融洽”,在线教育 / 天使轮 / 50-150人
242,前端开发工程师,14k-21k,IT技术服务｜咨询 TypeScript JavaScript CSS HTML vue3,建广数科,[惠州·惠城区],“六险一金 法定年假”,IT技术服务｜咨询 / 未融资 / 2000人以上
243,web前端开发工程师,15k-25k,软件服务｜咨询 物联网,美云智数,[佛山·北滘],“领导nice，发展空间大”,"软件服务｜咨询,人工智能服务 / 不需要融资 / 500-2000人"
244,web前端开发工程师,30k-60k,JavaScript CSS Python 互联网 平台,FunPlus 趣加游戏,[北京·朝阳区],“周末双休、健身下午茶、大牛云集、六险一金”,"游戏,MCN｜直播平台 / B轮 / 500-2000人"
245,WEB前端开发工程师,15k-22k,IT技术服务｜咨询 React Vue,博英,[北京·丰台区],“大牛团队，行业领先”,"IT技术服务｜咨询,科技金融,人工智能服务 / 不需要融资 / 50-150人"
246,web前端开发工程师,10k-20k,科技金融 JAVA C++ PHP Node.js,潘帕斯科技,[杭州·西兴],“全额公积金/双休”,"科技金融,人工智能服务 / A轮 / 50-150人"
247,web前端开发工程师,18k-22k,React Vue Angular 银行/金融,京北方,[北京·朝阳区],“五险一金 餐补”,IT技术服务｜咨询 / 上市公司 / 2000人以上
248,web前端开发工程师,13k-19k,软件服务｜咨询 人工智能服务 小程序开发,微创软件,[上海·虹梅路],“六险一金 周末双休 上市公司”,IT技术服务｜咨询 / 不需要融资 / 2000人以上
249,web前端开发工程师,20k-24k,工具类产品 Vue,微创软件,[上海·徐家汇],“saas平台”,IT技术服务｜咨询 / 不需要融资 / 2000人以上
250,web前端开发工程师,13k-19k,IT技术服务｜咨询 金融业 JavaScript Html5,CLPS,[上海·张江],“六险一金十四天带薪年假年终奖”,软件服务｜咨询 / 上市公司 / 500-2000人
251,web前端工程师,20k-40k,IT技术服务｜咨询 JavaScript HTML CSS three.js webgl,其域创新,[深圳·大冲],“高效团队、六险一金、股票期权”,"IT技术服务｜咨询,人工智能服务 / 天使轮 / 50-150人"
252,web前端开发工程师,15k-20k,IT技术服务｜咨询,启众软件,[北京·亦庄],“五险一金”,"IT技术服务｜咨询,软件服务｜咨询,数据服务｜咨询 / 未融资 / 15-50人"
253,web前端开发工程师,15k-25k,IT技术服务｜咨询 科技金融 Html5 CSS React Vue,用友金融,[北京·海淀区],“上市公司、自有产品”,IT技术服务｜咨询 / 上市公司 / 2000人以上
254,web前端工程师,8k-15k,软件服务｜咨询 数据服务｜咨询 TypeScript JavaScript,创邻科技,[杭州·西湖区],“在这里你将于技术牛人探讨最前沿的技术！！”,软件服务｜咨询 / A轮 / 50-150人
255,web前端开发工程师（永康）,8k-16k,软件服务｜咨询 Vue MySQL 移动前端开发 小程序开发,网进科技,[金华·永康市],“五险一金 年度体检 智慧城市 管理规范”,"软件服务｜咨询,IT技术服务｜咨询 / 上市公司 / 500-2000人"
256,web前端开发工程师,18k-30k,IT技术服务｜咨询 JavaScript Vue HTML5,中软国际科技服务有限公司,[深圳·坂田],“五险一金 大项目背景”,IT技术服务｜咨询 / 上市公司 / 2000人以上
257,web前端开发工程师,20k-30k,软件服务｜咨询 JavaScript CSS,花旗金融,[上海·张江],“工作生活平衡”,数据服务｜咨询 / 不需要融资 / 2000人以上
258,web前端开发工程师,15k-25k,软件服务｜咨询 物联网 JavaScript Html5,易流,[深圳·南山区],“平台大、氛围良好、机会多，奖金多多”,"软件服务｜咨询,IT技术服务｜咨询 / 不需要融资 / 500-2000人"
259,web前端开发工程师,10k-20k,IT技术服务｜咨询 网络通信 React Vue Angular,中软国际科技服务有限公司,[武汉·江夏区],“周末双休”,IT技术服务｜咨询 / 上市公司 / 2000人以上
260,web前端开发工程师,15k-20k,JavaScript HTML CSS Vue Node.js 智能检测 工业互联网,电器设备检测所,[上海·普陀区],“内部大型项目，微服务架构，工作稳定少加班。”,专业服务｜咨询 / 不需要融资 / 500-2000人
261,web前端开发工程师,13k-18k,消费生活 科技金融 Html5 Vue 小程序开发,理想公司,[上海·虹口区],“周末双休、五险一金、团队年轻、氛围好”,"IT技术服务｜咨询,物联网 / 不需要融资 / 150-500人"
262,web前端开发工程师,11k-12k,软件服务｜咨询 物联网 Vue,盛扬信远,[南京·奥体],“福利待遇优厚”,"企业服务,教育 / 未融资 / 150-500人"
263,web前端开发工程师,10k-15k,IT技术服务｜咨询 软件服务｜咨询 JavaScript Html5 小程序开发 Vue,上海意鹰信息技术有限公司,[上海·虹梅路],“福利、奖金、股权激励、双休、团建、体检、旅游”,IT技术服务｜咨询 / B轮 / 150-500人
264,Web前端工程师,20k-30k,软件服务｜咨询 IT技术服务｜咨询 JavaScript HTML SQL Vue Node.js,北京浩泰思特,[北京·西三旗],“行业发展前进好，大牛带队，团队氛围好”,"移动互联网,教育 / 未融资 / 50-150人"
265,WEB前端工程师,15k-20k,在线医疗 JavaScript Html5 小程序开发 前端开发,eDoctor,[上海·天山路],“五险一金 餐费补贴 补充医疗保险”,在线医疗 / 不需要融资 / 150-500人
266,web前端工程师,9k-13k,软件服务｜咨询 物联网 JavaScript Html5 CSS Vue 移动前端开发,百德朗,[广州·黄埔区],“六险一金、商业保险、团队旅游、扁平化管理”,智能硬件 / 未融资 / 50-150人
267,前端开发,14k-16k,物联网 网络通信 Vue Echarts Element,北京瑞友,[苏州·工业园…],“五险一金 做五休二”,人工智能服务 / 上市公司 / 2000人以上
268,web前端开发工程师,10k-15k,金融业 软件服务｜咨询 HTML CSS Angular,CLPS,[成都·武侯区],“周末双休 五险一金 外企环境”,软件服务｜咨询 / 上市公司 / 500-2000人
269,web前端开发工程师-上市公司+五险一金,15k-18k,互联网金融,屹通信息,[上海·曹路],“上市公司 多次调薪 五险一金 双休”,"金融,数据服务 / 上市公司 / 2000人以上"
270,前端开发工程师,15k-25k,金融业 Vue Angular,深圳脉山龙,[广州·海珠区],“基金公司，双休 加班少不补班”,数据服务 / 不需要融资 / 150-500人
271,前端开发工程师,15k-20k,IT技术服务｜咨询 React,新致软件,[深圳·华强北],“年终奖、六险一金、一档社保、带薪年假”,软件服务｜咨询 / 上市公司 / 2000人以上
272,web前端开发工程师,9k-12k,人工智能服务 工具类产品 JavaScript HTML Vue,蓝色脉动,[北京·良乡],“大牛带队成长快，全额五险一金，福利多”,人工智能服务 / A轮 / 15-50人
273,web前端开发工程师,13k-20k,软件服务｜咨询 IT技术服务｜咨询 JavaScript Html5 Vue,亚信,[北京·海淀区],“福利待遇、发展前景”,"软件服务｜咨询,IT技术服务｜咨询 / 上市公司 / 2000人以上"
274,web前端工程师,10k-15k,软件服务｜咨询 IT技术服务｜咨询 Web前端开发,比盟科技,[成都·抚琴],“五险一金+餐补+定期体检+带薪年假+节日福利+”,"企业服务,数据服务 / 未融资 / 15-50人"
275,web前端开发工程师,20k-35k,科技金融 React,AKULAKU,[深圳·科技园],“未来可期”,科技金融 / D轮及以上 / 2000人以上
276,前端开发工程师,14k-20k,软件服务｜咨询 营销服务｜咨询 CSS Vue Spring MySQL,艾草信息,[杭州·滨江区],“五险一金 周末双休 发展空间大”,能源｜矿产｜环保 / A轮 / 50-150人
277,web前端开发工程师,10k-20k,物联网 区块链 JavaScript Html5,中城科技,[上海·塘桥],“五险一金 带薪年假 奖金 福利补贴 股票期权”,IT技术服务｜咨询 / B轮 / 150-500人
278,web前端开发工程师,15k-30k,科技金融,森浦Sumscope,[上海·陆家嘴],“五险一金，子女保险”,"科技金融,金融业 / C轮 / 500-2000人"
279,Web前端开发工程师,25k-35k,人工智能服务 工具类产品 JavaScript HTML CSS Vue,数位大数据科技,[深圳·南山区],“扁平化 下午茶 福利多 弹性 发展前景好”,人工智能服务 / C轮 / 150-500人
280,web前端工程师,15k-30k,JavaScript Html5 HTML 前端开发,万得,[上海·浦东新…],“大平台 年终奖丰厚”,数据服务｜咨询 / 不需要融资 / 2000人以上
281,web前端开发工程师,18k-35k,JavaScript Android HTML5,泰康人寿,[北京·昌平区],“发展前景好、晋升空间大、福利待遇优厚、弹性制”,金融业 / 上市公司 / 2000人以上
282,资深web前端开发工程师,25k-45k,HTML CSS React Vue SaaS,云境智仿,[北京·海淀区],“早期成员，施展空间大；工业软件，发展前景好”,"软件服务｜咨询,IT技术服务｜咨询 / 天使轮 / 少于15人"
283,web前端工程师,20k-40k,云计算 工具软件 前端开发 Vue HTML5 webpack,北京京东世纪贸易有限公司,[北京·亚运村],“团队有爱，有热情，大牛如云”,电商平台 / 上市公司 / 2000人以上
284,web前端开发工程师（EPG方向）,7k-12k,,广播电视研究所,[成都·高新区],“五险一金 周末双休 地铁周边 扁平化管理”,软件服务｜咨询 / 不需要融资 / 150-500人
285,web前端开发工程师,15k-25k,IT技术服务｜咨询,中软国际科技服务有限公司,[上海·曹路],“不加班”,IT技术服务｜咨询 / 上市公司 / 2000人以上
286,web前端开发工程师,20k-40k,JavaScript TypeScript,每平每屋设计家,[上海·浦东新…],“有挑战的事，上升空间大”,"新零售,工具类产品 / 不需要融资 / 150-500人"
287,web前端开发工程师,10k-20k,JavaScript React 软件,博彦科技,[杭州·长河],“阿里项目”,"人工智能服务,软件服务｜咨询,数据服务｜咨询 / 上市公司 / 2000人以上"
288,web前端工程师,11k-15k,IT技术服务｜咨询 CSS Html5 Vue SQL Server ORACLE,成都九洲,[成都·高新区],“国有企业交通餐补加班补助出差驻外补贴”,"软件服务｜咨询,物联网 / 不需要融资 / 150-500人"
289,web前端开发工程师,14k-28k,IT技术服务｜咨询 软件服务｜咨询 Vue,昆仑数智,[北京·昌平区],“国企背景，无常态化加班，免费班车，六险一金”,"IT技术服务｜咨询,信息安全,软件服务｜咨询 / 不需要融资 / 2000人以上"
290,web前端工程师,8k-16k,教育｜培训 IT技术服务｜咨询 JavaScript HTML CSS,英荔教育,[广州·天河北],“双休 带薪假 年假 晋升大 气氛融洽”,在线教育 / 天使轮 / 50-150人
291,Web前端开发工程师（北京）,15k-20k,软件服务｜咨询 IT技术服务｜咨询 JavaScript Spring SQL Server MySQL,华资软件,[北京·东城区],“六险一金，福利好，大平台，大项目”,"软件服务｜咨询,IT技术服务｜咨询 / 不需要融资 / 500-2000人"
292,前端开发工程师,20k-25k,营销服务｜咨询 软件服务｜咨询 JavaScript Html5 CSS React,爱点击 iClick,[北京·朝阳区],“上市公司 发展前景大 团队氛围好”,"数据服务｜咨询,营销服务｜咨询 / 上市公司 / 500-2000人"
293,web前端开发,7k-12k,工具类产品 游戏 移动前端开发 Html5 JavaScript Vue,智城时代,[长沙·岳麓区],“创业型公司，自主研发，机会更大”,工具类产品 / 不需要融资 / 50-150人
294,web前端开发工程师,12k-20k,人工智能服务,达观数据,[上海·张江],“大牛团队；弹性工作制；晋升制度”,"人工智能服务,数据服务｜咨询 / C轮 / 500-2000人"
295,web前端工程师,11k-17k,工具类产品 React Web前端开发 HTML CSS JavaScript,英威诺,[成都·武侯区],“周末双休 五险一金 带薪年假”,数据服务｜咨询 / C轮 / 150-500人
296,增长业务Web前端开发工程师,15k-30k,科技金融 JavaScript HTML Javascript CSS,富途,[深圳·南山区],"“腾讯系团队,扁平管理,六险一金”",科技金融 / 上市公司 / 500-2000人
297,web前端开发工程师,15k-25k,IT技术服务｜咨询 科技金融 Html5 CSS React Vue,用友金融,[北京·海淀区],“上市公司、自有产品”,IT技术服务｜咨询 / 上市公司 / 2000人以上
298,web前端开发工程师,11k-22k,人工智能服务 教育｜培训 HTML CSS React Vue,微创软件,[上海·虹梅路],“技术能力提升，舒适的办公环境”,IT技术服务｜咨询 / 不需要融资 / 2000人以上
299,web前端开发工程师,14k-20k,软件服务｜咨询 IT技术服务｜咨询 移动前端开发,CLPS,[广州·东风东],“福利待遇高，发展前景好”,软件服务｜咨询 / 上市公司 / 500-2000人
300,web前端工程师,10k-15k,软件服务｜咨询 物联网 JavaScript Html5 CSS Vue 移动前端开发,百德朗,[广州·大沙],“六险一金、商业保险、团队旅游、扁平化管理”,智能硬件 / 未融资 / 50-150人
301,web前端开发工程师,15k-25k,软件服务｜咨询 物联网 JavaScript Html5,易流,[深圳·南山区],“平台大、氛围良好、机会多，奖金多多”,"软件服务｜咨询,IT技术服务｜咨询 / 不需要融资 / 500-2000人"
302,电商web前端开发工程师,20k-40k,电商平台 消费生活 JAVA Vue Spring,小红书,[上海·新天地],“免费三餐，团队氛围好”,"电商平台,内容社区 / D轮及以上 / 500-2000人"
303,前端开发工程师,9k-14k,人工智能服务 软件服务｜咨询 React Vue,华栖云,[成都·高新区],“IPO”,"人工智能服务,IT技术服务｜咨询 / B轮 / 150-500人"
304,web前端开发工程师,10k-15k,工具类产品 软件服务｜咨询 小程序开发 Vue,昀活科技,[上海·徐家汇],“国家高新技术企业，技术领先型公司”,IT技术服务｜咨询 / 未融资 / 15-50人
305,web前端开发工程师,10k-16k,人工智能服务 JavaScript HTML React Vue,慧博云通,[北京·海淀区],“反馈快”,IT技术服务｜咨询 / 未融资 / 2000人以上
306,前端开发工程师,11k-18k,IT技术服务｜咨询 Vue,吉威时代,[武汉·东湖新…],“大牛云集 福利补贴”,IT技术服务｜咨询 / 不需要融资 / 500-2000人
307,web前端开发工程师 (MJ002052),23k-46k,MCN｜直播平台,YY,[广州·番禺区],“大平台 福利好”,社交媒体 / 上市公司 / 500-2000人
308,web前端开发工程师,10k-15k,IT技术服务｜咨询 软件服务｜咨询 JavaScript Html5 小程序开发 Vue,上海意鹰信息技术有限公司,[上海·虹梅路],“福利、奖金、股权激励、双休、团建、体检、旅游”,IT技术服务｜咨询 / B轮 / 150-500人
309,web前端开发工程师,10k-20k,软件服务｜咨询 IT技术服务｜咨询 JavaScript HTML CSS Vue,普华讯光,[北京·宣武门],“大型国企项目”,IT技术服务｜咨询 / 未融资 / 150-500人
310,web前端开发工程师,12k-17k,绩效奖金 带薪年假 管理规范 五险一金,汇合,[深圳·南山区],“季度绩效奖金”,科技金融 / 不需要融资 / 2000人以上
311,web前端开发工程师（金蝶云星空）,17k-30k,软件服务｜咨询 React Vue,金蝶,[深圳·南山区],“大平台、集团总部团队”,软件服务｜咨询 / 上市公司 / 2000人以上
312,前端开发工程师,15k-20k,软件服务｜咨询 IT技术服务｜咨询 Html5 Vue 移动前端开发 小程序开发,零点星,[深圳·福田区],“升职空间大，弹性工作时间，以结果为导向”,"文娱丨内容,广告营销 / A轮 / 50-150人"
313,web前端开发工程师,11k-22k,人工智能服务 教育｜培训 HTML CSS React Vue,微创软件,[上海·虹梅路],“技术能力提升，舒适的办公环境”,IT技术服务｜咨询 / 不需要融资 / 2000人以上
314,web前端开发工程师,14k-20k,软件服务｜咨询 IT技术服务｜咨询 移动前端开发,CLPS,[广州·东风东],“福利待遇高，发展前景好”,软件服务｜咨询 / 上市公司 / 500-2000人
315,web前端开发工程师（银行）,13k-18k,IT技术服务｜咨询 金融业,京北方,[西安·浐灞生…],“银行项目”,IT技术服务｜咨询 / 上市公司 / 2000人以上
316,初级web前端开发工程师,6k-10k,在线医疗 JavaScript HTML CSS React Angular,中慈网络,[武汉·关山],“发展前景优 团队氛围好”,"企业服务,工具,通讯电子 / 不需要融资 / 500-2000人"
317,web前端开发,12k-24k,数据服务｜咨询 IT技术服务｜咨询 JavaScript HTML React Vue,联通（广东）产业互联网...,[广州·官洲],“成长快”,物联网 / 不需要融资 / 500-2000人
318,web前端开发工程师,14k-20k,网络通信 JavaScript Vue MySQL,中移互联网,[广州·天河区],“国企正编、福利待遇好、平台资源大”,网络通信 / 不需要融资 / 500-2000人
319,web前端工程师,20k-40k,IT技术服务｜咨询 人工智能服务 JavaScript Web前端开发 Three.js,其域创新,[深圳·大冲],“高效团队、六险一金、股票期权”,"IT技术服务｜咨询,人工智能服务 / 天使轮 / 50-150人"
320,web前端开发工程师,16k-22k,房地产｜建筑｜物业 TypeScript React Node.js,易居房友,[上海·静安区],“上市公司、平台大、福利好”,居住服务 / 上市公司 / 2000人以上
321,UE/Web前端开发工程师,12k-17k,IT技术服务｜咨询 JavaScript Redux React ES6,成都聚思力信息技术有限公司,[成都·华阳],“9天年假，医疗报销，旅游津贴”,IT技术服务｜咨询 / 上市公司 / 500-2000人
322,Web前端开发工程师,12k-20k,软件服务｜咨询 电商平台 JavaScript Html5 HTML Javascript Vue,广州有信科技有限公司,[广州·天河区],“技术大牛、六险一金、周末双休、部门团建”,"软件服务｜咨询,数据服务｜咨询 / B轮 / 150-500人"
323,web前端开发工程师（免费住宿，五险一金，上市背景）,11k-17k,金融业 Vue,屹通信息,[太原·晋源区],“免费住宿，上市背景，报销路费，薪酬高于市场”,"金融,数据服务 / 上市公司 / 2000人以上"
324,web前端开发工程师,25k-50k,新零售 生活服务 JavaScript React,ABOUT TIME,[北京·五道口],“薪资待遇好”,生活服务 / 天使轮 / 50-150人
325,web前端开发工程师,10k-15k,电商平台 贸易｜进出口 Html5 CSS React Vue,钛牛科技,[杭州·江南],“公司年轻有活力，团队氛围轻松；”,"批发｜零售,贸易｜进出口 / 天使轮 / 15-50人"
326,web前端开发工程师,10k-15k,生活服务 Vue,UU跑腿,[郑州·燕庄],“五险一金、带薪年假、节日福利、免费体检等”,生活服务 / B轮 / 500-2000人
327,web前端开发工程师,10k-20k,新零售 电商平台 小程序开发 Vue JavaScript uniapp,水羊,[长沙·岳麓区],“薪酬福利好，学习成长快”,"新零售,电商平台 / 上市公司 / 2000人以上"
328,web前端开发工程师,15k-25k,金融业 工具类产品 JAVA JavaScript CSS React Vue,招商证券金融科技中心,[武汉·洪山区],“金融科技、头部券商、研发数字化转型”,金融业 / 上市公司 / 2000人以上
329,web前端开发（react）,13k-25k,电商平台 软件服务｜咨询 JavaScript HTML CSS,衣神科技,[广州·体育中…],“不内卷，周末双休，不加班”,移动互联网 / 不需要融资 / 15-50人
330,Web前端开发工程师,25k-35k,人工智能服务 工具类产品 JavaScript HTML CSS Vue,数位大数据科技,[深圳·南山区],“扁平化 下午茶 福利多 弹性 发展前景好”,人工智能服务 / C轮 / 150-500人
331,WEB前端开发工程师,12k-18k,软件服务｜咨询 数据服务｜咨询 JavaScript Angular,深圳映美卡莫网络有限公司,[深圳·南山区],“前景好 周末双休 五险一金”,"软件服务｜咨询,数据服务｜咨询,智能硬件 / 不需要融资 / 50-150人"
332,web前端开发工程师,13k-25k,软件服务｜咨询 Html5 React Vue,数科网维,[北京·万寿寺],“年终奖、项目奖、弹性办公、团建、年度旅游”,软件服务｜咨询 / 未融资 / 150-500人
333,web前端开发工程师,15k-30k,区块链 Vue React Html5 HTML CSS,快乐小清智能,[北京·回龙观],“扁平化管理”,区块链 / 天使轮 / 少于15人
334,web前端开发工程师,11k-17k,IT技术服务｜咨询 金融业,屹通信息,[南京·江浦],“13薪 五险一金 每年两次涨薪机会”,"金融,数据服务 / 上市公司 / 2000人以上"
335,web前端开发工程师,13k-24k,物流｜运输 电商平台 JAVA JavaScript HTML CSS,百世物流,[杭州·西湖],“上市公司，弹性工作，大牛带教”,物流｜运输 / 上市公司 / 2000人以上
336,web前端开发工程师,20k-40k,JavaScript TypeScript,每平每屋设计家,[上海·浦东新…],“有挑战的事，上升空间大”,"新零售,工具类产品 / 不需要融资 / 150-500人"
337,web前端开发工程师,13k-22k,金融业,邦睿科技,[杭州·长河],“弹性工作 五险一金 带薪培训 定期体检”,"企业服务,工具,金融 / 不需要融资 / 150-500人"
338,web前端开发工程师,12k-20k,金融业 HTML Html5 CSS Vue 互联网,旭荣网络,[上海·龙华],“年终奖、1年2次调薪机会、带薪年假、补充医保”,IT技术服务｜咨询 / 不需要融资 / 50-150人
339,web前端开发工程师,15k-30k,软件服务｜咨询 数据服务｜咨询 Vue,三赢奋斗者创新人才管理,[上海·杨浦区],“五险一金”,"消费生活,电商 / 不需要融资 / 150-500人"
340,web前端开发工程师,10k-15k,电商平台 JavaScript HTML,成都优卡信息科技,[成都·高新区],“六险一金，周末双休”,"软件服务｜咨询,IT技术服务｜咨询 / 不需要融资 / 150-500人"
341,web前端开发工程师,13k-16k,电商平台 区块链 Vue 移动前端开发,朗程科技,[北京·新华大…],“期待你的加入”,区块链 / 未融资 / 少于15人
342,web前端,30k-35k,物流平台 React Redux Android,快成,[北京·五道口],“发展前景、团队氛围、薪酬福利”,物流平台 / A轮 / 500-2000人
343,web前端/h5前端开发工程师,10k-18k,MCN｜直播平台 社交平台 JavaScript HTML Html5 CSS,暖暖直播,[广州·天河区],“周末双休；零食下午茶”,MCN｜直播平台 / 未融资 / 50-150人
344,web前端开发工程师,13k-26k,电商平台 贸易｜进出口 Vue,杭州语聪网络科技有限公司,[杭州·余杭区],“核心岗位，前景好，待遇好”,"贸易｜进出口,软件服务｜咨询,电商平台 / 天使轮 / 15-50人"
345,互联网业务-资讯Web前端开发工程师,18k-35k,科技金融 HTML CSS Vue Node.js,富途,[深圳·南山区],“上市公司，行业龙头，业务发展好，学金融投资”,科技金融 / 上市公司 / 500-2000人
346,web前端开发工程师,11k-22k,人工智能服务 教育｜培训 HTML CSS React Vue,微创软件,[上海·虹梅路],“技术能力提升，舒适的办公环境”,IT技术服务｜咨询 / 不需要融资 / 2000人以上
347,前端开发工程师,13k-20k,软件服务｜咨询 数据服务｜咨询 JavaScript CSS Vue Spring MySQL,西湖新基建数字,[杭州·西溪],“国资控股，六险一金，年度旅游、体检”,"软件服务｜咨询,数据服务｜咨询,IT技术服务｜咨询 / 天使轮 / 15-50人"
348,Web前端开发工程师(J14088),18k-33k,科技金融 CSS,中金财富,[深圳·岗厦],“技术新颖、团队氛围好”,科技金融 / 不需要融资 / 2000人以上
349,web前端开发工程师,14k-20k,软件服务｜咨询 IT技术服务｜咨询 移动前端开发,CLPS,[广州·东风东],“福利待遇高，发展前景好”,软件服务｜咨询 / 上市公司 / 500-2000人
350,中级web前端开发工程师,10k-20k,在线医疗 JavaScript HTML React Vue Angular,中慈网络,[武汉·关山],“发展前景优 团队氛围好”,"企业服务,工具,通讯电子 / 不需要融资 / 500-2000人"
351,web前端开发高级工程师,18k-25k,金融业 Vue Node.js,聚领,[深圳·科技园],“扁平化管理 领导nice 福利多”,人工智能服务 / 不需要融资 / 150-500人
352,web开发前端工程师,18k-35k,信息安全 Vue,安势信息,[北京·中关村],“下午茶 小蛋糕 旅游 体检”,信息安全 / 天使轮 / 50-150人
353,前端开发工程师,15k-30k,人工智能服务 Web前端开发,小i机器人,[上海·江桥],“平台大；福利完善；团队稳定；技术大牛；”,智能硬件 / 不需要融资 / 500-2000人
354,web前端开发工程师,15k-25k,IT技术服务｜咨询 科技金融 Html5 CSS React Vue,用友金融,[北京·海淀区],“上市公司、自有产品”,IT技术服务｜咨询 / 上市公司 / 2000人以上
355,web前端开发,15k-20k,电商平台 小程序开发 Vue,CLPS,[上海·张江],“提供午餐，外企氛围”,软件服务｜咨询 / 上市公司 / 500-2000人
356,web前端开发工程师,15k-25k,软件服务｜咨询 物联网 JavaScript Html5,易流,[深圳·南山区],“平台大、氛围良好、机会多，奖金多多”,"软件服务｜咨询,IT技术服务｜咨询 / 不需要融资 / 500-2000人"
357,web前端开发工程师,15k-25k,软件服务｜咨询 数据服务｜咨询 HTML Vue Node.js 小程序开发,个推,[杭州·西湖区],“五险一金 周末双休 技术氛围好 发挥机会多”,数据服务｜咨询 / 上市公司 / 500-2000人
358,web前端开发工程师,10k-15k,工具类产品 软件服务｜咨询 小程序开发 Vue,昀活科技,[上海·徐家汇],“国家高新技术企业，技术领先型公司”,IT技术服务｜咨询 / 未融资 / 15-50人
359,前端开发工程师,13k-25k,人工智能服务 物联网 Vue React HTML CSS Linux,,[东莞·松山湖…],“五险一金 周末双休 节日福利 大厂经验”,专业服务｜咨询 / 上市公司 / 2000人以上
360,高级web前端开发工程师,13k-25k,人工智能服务 网络通信 JavaScript HTML CSS Vue React,沃点网络,[武汉·洪山区],“双休、工作轻松稳定、有成长空间、五险一金”,"IT技术服务｜咨询,网络通信 / B轮 / 150-500人"
361,资深Web前端开发工程师,20k-35k,电商平台 旅游｜出行,KLOOK 客路旅行,[上海·杨浦区],“行业独角兽”,旅游｜出行 / D轮及以上 / 500-2000人
362,中级web前端开发工程师,8k-14k,IT技术服务｜咨询 JavaScript HTML Vue React native,四川兴政,[绵阳·游仙区],“工作气氛佳”,"数据服务｜咨询,人工智能服务,物联网 / 未融资 / 150-500人"
363,Web前端工程师,15k-30k,软件服务｜咨询 IT技术服务｜咨询 JavaScript React Angular Javascript,ZOOM,[杭州·西溪],"“股票期权,六险一金,弹性工作,硅谷培训”","软件服务｜咨询,IT技术服务｜咨询 / 上市公司 / 2000人以上"
364,web前端开发工程师,16k-25k,IT技术服务｜咨询 JavaScript HTML Vue 移动前端开发,薪海科技,[上海·杨浦区],“周末双休 加班补贴 扁平化 晋升渠道”,科技金融 / A轮 / 50-150人
365,web前端工程师,9k-12k,软件服务｜咨询 IT技术服务｜咨询 JavaScript Angular React Vue,金证睿服,[南京·雨花台…],“项目稳定”,软件服务｜咨询 / 上市公司 / 2000人以上
366,互联网业务-投教web前端开发工程师,18k-35k,科技金融 HTML CSS JavaScript Angular React,富途,[深圳·南山区],“上市金融科技龙头，福利好，学金融投资知识”,科技金融 / 上市公司 / 500-2000人
367,web前端开发工程师,15k-25k,数据服务｜咨询 IT技术服务｜咨询 JavaScript Html5 React Vue,盛扬信远,[北京·草桥],“团队年轻活力 行业领先者 发展前景好”,"企业服务,教育 / 未融资 / 150-500人"
368,web前端开发工程师,18k-30k,数据服务｜咨询 科技金融 JavaScript HTML CSS 小程序开发,万得,[上海·浦东新…],“发展潜力大，金融大数据龙头企业”,数据服务｜咨询 / 不需要融资 / 2000人以上
369,前端开发工程师,15k-23k,数据服务｜咨询 区块链 Html5 Web前端开发,刀豆网络,[杭州·余杭区],“团队年轻 五险一金 双休 下午茶 加班少”,"电商,文娱丨内容 / A轮 / 15-50人"
370,前端开发工程师,15k-20k,软件服务｜咨询 IT技术服务｜咨询 Html5 Vue 移动前端开发 小程序开发,零点星,[深圳·福田区],“升职空间大，弹性工作时间，以结果为导向”,"文娱丨内容,广告营销 / A轮 / 50-150人"
371,Web前端开发工程师,8k-16k,软件服务｜咨询 IT技术服务｜咨询 JavaScript Html5 React native,半云科技,[武汉·丁字桥],“五险一金 带薪年假 定期体检 节日福利”,人工智能服务 / A轮 / 150-500人
372,web前端开发工程师,25k-35k,JavaScript TypeScript CAD WebGL,每平每屋设计家,[上海·浦东新…],“阿里控股、薪酬有竞争力、福利好、团队氛围轻松”,"新零售,工具类产品 / 不需要融资 / 150-500人"
373,web前端开发工程师,15k-30k,JavaScript TypeScript XML,北京中创视讯科技有限公司,[北京·西三旗],“一流的研发团队，广阔的发展空间”,其他 / 未融资 / 50-150人
374,中级web前端开发工程师,15k-25k,软件服务｜咨询 Html5 Angular,畅岑科技,[上海·北京西…],“带薪年假 周末双休 节日福利”,"IT技术服务｜咨询,软件服务｜咨询 / 不需要融资 / 15-50人"
375,（武汉）web前端开发,11k-18k,信息安全 IT技术服务｜咨询 Vue React Angular JavaScript,软通动力,[武汉·洪山区],“项目氛围好，岗位有发展，稳定性好”,IT技术服务｜咨询 / 不需要融资 / 2000人以上
376,web前端开发工程师,12k-20k,IT技术服务｜咨询,启众软件,[北京·西北旺],“稳定，氛围好”,"IT技术服务｜咨询,软件服务｜咨询,数据服务｜咨询 / 未融资 / 15-50人"
377,web前端工程师,8k-15k,人工智能服务 软件服务｜咨询 HTML CSS JavaScript Vue Redux,中科智加,[成都·高新区],“八险一金、公积金缴纳比例高”,"人工智能服务,数据服务｜咨询 / 不需要融资 / 50-150人"
378,web前端开发,12k-24k,数据服务｜咨询 IT技术服务｜咨询 JavaScript HTML React Vue,联通（广东）产业互联网...,[广州·官洲],“成长快”,物联网 / 不需要融资 / 500-2000人
379,WEB前端开发工程师（VUE）-人力外包岗,12k-24k,IT技术服务｜咨询 科技金融 移动前端开发 小程序开发,中科软,[北京·展览路],“科技金融、工作稳定”,IT技术服务｜咨询 / 上市公司 / 2000人以上
380,web前端开发工程师,15k-20k,IT技术服务｜咨询,一页科技,[深圳·福田区],“周末双休”,IT技术服务｜咨询 / 未融资 / 500-2000人
381,高级web前端开发工程师,20k-35k,物流平台,捷晓信息科技,[上海·青浦区],“五险一金 13薪”,"软件服务｜咨询,数据服务｜咨询,物流平台 / 未融资 / 500-2000人"
382,web前端工程师,20k-40k,IT技术服务｜咨询 人工智能服务 JavaScript Web前端开发 Three.js,其域创新,[深圳·大冲],“高效团队、六险一金、股票期权”,"IT技术服务｜咨询,人工智能服务 / 天使轮 / 50-150人"
383,web前端开发工程师,16k-22k,房地产｜建筑｜物业 TypeScript React Node.js,易居房友,[上海·静安区],“上市公司、平台大、福利好”,居住服务 / 上市公司 / 2000人以上
384,UE/Web前端开发工程师,12k-17k,IT技术服务｜咨询 JavaScript Redux React ES6,成都聚思力信息技术有限公司,[成都·华阳],“9天年假，医疗报销，旅游津贴”,IT技术服务｜咨询 / 上市公司 / 500-2000人
385,web前端开发工程师（免费住宿，五险一金，上市背景）,11k-17k,金融业 Vue,屹通信息,[太原·晋源区],“免费住宿，上市背景，报销路费，薪酬高于市场”,"金融,数据服务 / 上市公司 / 2000人以上"
386,web前端开发工程师,12k-18k,科技金融 金融业 移动客户端开发 移动前端开发 angular vue Roe,CLPS,[广州·五山],“外企，六险一金，入职体检”,软件服务｜咨询 / 上市公司 / 500-2000人
387,web前端开发工程师,10k-20k,新零售 电商平台 小程序开发 Vue JavaScript uniapp,水羊,[长沙·岳麓区],“薪酬福利好，学习成长快”,"新零售,电商平台 / 上市公司 / 2000人以上"
388,web前端开发工程师,15k-30k,IT技术服务｜咨询 科技金融 JavaScript HTML Html5 CSS Vue,旭荣网络,[上海·徐汇区],“带薪年假、年度旅游、年终奖、一年2次调薪机会”,IT技术服务｜咨询 / 不需要融资 / 50-150人
389,Web前端开发工程师,25k-35k,人工智能服务 工具类产品 JavaScript HTML CSS Vue,数位大数据科技,[深圳·南山区],“扁平化 下午茶 福利多 弹性 发展前景好”,人工智能服务 / C轮 / 150-500人
390,web前端开发工程师 交易系统开发C端开发经验,20k-30k,科技金融,旭日云科,[上海·虹梅路],“不卷 福利好”,专业服务｜咨询 / C轮 / 500-2000人
391,web前端开发工程师,15k-30k,软件服务｜咨询 IT技术服务｜咨询 JavaScript Vue Angular 小程序开发,海鼎科技,[上海·静安区],“五险一金，餐补”,IT技术服务｜咨询 / 未融资 / 150-500人
392,Web 前端开发工程师,15k-25k,软件服务｜咨询 电商平台 JavaScript Web前端开发 响应式开发,Fastlane,[深圳·西丽],“技术大佬带队、打造出海全链路 SaaS 生态系统”,"软件服务｜咨询,电商平台,营销服务｜咨询 / A轮 / 150-500人"
393,web前端开发工程师(丰台）,17k-22k,Vue 银行金融,京北方,[北京·太平桥],“项目为邮储银行的新核心系统”,IT技术服务｜咨询 / 上市公司 / 2000人以上
394,Web 前端开发工程师 Team Leader (D8997),20k-40k,数据服务｜咨询 软件服务｜咨询 JAVA MySQL ORACLE PostgreSQL(PSQL),深圳钛铂数据有限公司,[深圳·南油],"“五险一金, 团队氛围好, 晋升空间大”",数据服务｜咨询 / A轮 / 50-150人
395,web前端开发工程师（中高级）,15k-21k,软件服务｜咨询 金融业 Vue,京北方,[天津·中北],“稳定 双休 班车”,IT技术服务｜咨询 / 上市公司 / 2000人以上
396,web前端开发工程师,15k-20k,电商平台 软件服务｜咨询 HTML CSS Vue Node.js,深圳民航凯亚,[深圳·深圳湾],“办公环境佳，福利多样性”,数据服务｜咨询 / 不需要融资 / 150-500人
397,高级web前端开发工程师,15k-25k,物联网 智能硬件 React,德鲁伊科技,[成都·武侯区],“五险一金、弹性打卡”,"数据服务,其他 / 天使轮 / 15-50人"
398,web前端工程师（工作地点武汉）,11k-15k,软件服务｜咨询 Vue,六六云链,[北京·太平桥],“薪资待遇好 扁平化管理 周末双休”,"数据服务｜咨询,软件服务｜咨询 / 未融资 / 50-150人"
399,web前端开发工程师,20k-40k,JavaScript TypeScript,每平每屋设计家,[上海·浦东新…],“有挑战的事，上升空间大”,"新零售,工具类产品 / 不需要融资 / 150-500人"
400,web前端开发工程师,10k-15k,电商平台 JavaScript HTML,成都优卡信息科技,[成都·高新区],“六险一金，周末双休”,"软件服务｜咨询,IT技术服务｜咨询 / 不需要融资 / 150-500人"
401,高级前端开发工程师,15k-26k,软件服务｜咨询 IT技术服务｜咨询 Vue,小满科技,[深圳·南山区],“行业前景，发展空间大，技术氛围好”,软件服务｜咨询 / D轮及以上 / 150-500人
402,web前端开发工程师,11k-22k,人工智能服务 教育｜培训 HTML CSS React Vue,微创软件,[上海·虹梅路],“技术能力提升，舒适的办公环境”,IT技术服务｜咨询 / 不需要融资 / 2000人以上
403,web前端开发工程师（内部岗位） (MJ000053),15k-25k,专业服务｜咨询 JavaScript React Node.js,金柚网,[杭州·萧山区],“大平台，集团公司，氛围nice，周末双休”,专业服务｜咨询 / C轮 / 500-2000人
404,web前端开发工程师(苏州),3k-4k,IT技术服务｜咨询 营销服务｜咨询 Vue,光潾科技,[苏州·元和],“平台佳 成长快”,企业服务 / A轮 / 50-150人
405,web前端开发工程师,15k-30k,JavaScript Angular 互联网,铭信科技,[杭州·西兴],“发展快速、福利待遇好 、九零后多氛围好、”,"企业服务,移动互联网 / 不需要融资 / 50-150人"
406,web前端开发工程师,15k-25k,游戏 JavaScript Html5,Garena,[上海·漕河泾],“五险一金 ，免费零食，双休，商业保险”,"游戏,内容社区 / 上市公司 / 500-2000人"
407,web前端开发工程师,13k-23k,JavaScript React Vue,光启元 RAYKITE,[北京·望京],“平台大、发展快、氛围好、成长快、环境好”,"工具类产品,IT技术服务｜咨询 / C轮 / 150-500人"
408,web前端开发工程师,18k-30k,专业服务｜咨询 IT技术服务｜咨询 JavaScript Angular,阿慕比文化,[上海·洋泾],“团队专家职位享有绩效奖金”,专业服务｜咨询 / 未融资 / 50-150人
409,web前端开发工程师,15k-25k,IT技术服务｜咨询 科技金融 Html5 CSS React Vue,用友金融,[北京·海淀区],“上市公司、自有产品”,IT技术服务｜咨询 / 上市公司 / 2000人以上
410,高级web前端开发工程师,15k-30k,在线医疗 JavaScript HTML CSS React Angular,中慈网络,[武汉·关山],“发展前景优 团队氛围好”,"企业服务,工具,通讯电子 / 不需要融资 / 500-2000人"
411,web前端开发工程师,11k-20k,人工智能服务 软件服务｜咨询 JavaScript Html5 React ES6,半云科技,[北京·建国门],“六险一金 员工体检 生日节日福利 带薪年假”,人工智能服务 / A轮 / 150-500人
412,web前端开发工程师,15k-25k,科技金融 软件服务｜咨询,证通股份,[上海·金桥],“平台稳定 有发展机会 待遇福利优厚”,"科技金融,社交平台 / 不需要融资 / 150-500人"
413,web前端开发工程师,15k-25k,软件服务｜咨询 物联网 JavaScript Html5,易流,[深圳·南山区],“平台大、氛围良好、机会多，奖金多多”,"软件服务｜咨询,IT技术服务｜咨询 / 不需要融资 / 500-2000人"
414,web前端开发工程师-上海（交易系统),20k-30k,IT技术服务｜咨询,旭日云科,[上海·金桥],“券商”,专业服务｜咨询 / C轮 / 500-2000人
415,web前端开发工程师,10k-15k,软件服务｜咨询 数据服务｜咨询 Html5 Android Vue Node.js ES6,生学教育,[成都·高新区],“五险一金、带薪年假、年终奖金、周末双休”,"IT技术服务｜咨询,工具类产品 / A轮 / 150-500人"
416,web前端开发工程师,10k-15k,工具类产品 软件服务｜咨询 小程序开发 Vue,昀活科技,[上海·徐家汇],“国家高新技术企业，技术领先型公司”,IT技术服务｜咨询 / 未融资 / 15-50人
417,web前端开发工程师,20k-40k,科技金融,聚均科技,[北京·朝阳区],“环境优越、氛围轻松，加班少、有商业保险”,"科技金融,IT技术服务｜咨询 / 未融资 / 150-500人"
418,web前端开发工程师,14k-19k,IT技术服务｜咨询 HTML VUE ES6 css3,中软国际科技服务有限公司,[深圳·坂田],“五险一金 双休 高薪 项目稳定发展”,IT技术服务｜咨询 / 上市公司 / 2000人以上
419,初级WEB前端开发工程师,5k-8k,软件服务｜咨询 IT技术服务｜咨询 JavaScript HTML,四川兴政,[成都·锦江区],"“领导NICE,氛围佳”","数据服务｜咨询,人工智能服务,物联网 / 未融资 / 150-500人"
420,web前端开发工程师,18k-30k,数据服务｜咨询 科技金融 JavaScript HTML CSS 小程序开发,万得,[上海·浦东新…],“发展潜力大，金融大数据龙头企业”,数据服务｜咨询 / 不需要融资 / 2000人以上
421,WEB前端开发工程师-J556417,15k-25k,JavaScript Linux 高级前端,铱云科技-易订货,[深圳·南山区],"“发展空间大,团队氛围好,,14薪”",软件服务｜咨询 / B轮 / 150-500人
422,前端开发工程师,15k-20k,软件服务｜咨询 IT技术服务｜咨询 Html5 Vue 移动前端开发 小程序开发,零点星,[深圳·福田区],“升职空间大，弹性工作时间，以结果为导向”,"文娱丨内容,广告营销 / A轮 / 50-150人"
423,Web前端开发工程师,8k-16k,软件服务｜咨询 IT技术服务｜咨询 JavaScript Html5 React native,半云科技,[武汉·丁字桥],“五险一金 带薪年假 定期体检 节日福利”,人工智能服务 / A轮 / 150-500人
424,web前端开发工程师,20k-30k,JavaScript Angular 证券 React,国金证券,[上海·浦东新…],“上市券商 金融科技”,金融 / 上市公司 / 2000人以上
425,Web前端开发工程师/专家 （IM/办公平台）,25k-45k,电商平台,拼多多,[上海·天山路],“一年两次调薪机会 平台大”,电商平台 / 上市公司 / 2000人以上
426,web前端开发工程师 (MJ000525),10k-15k,科技金融 Flutter VUE,嘉联支付,[深圳·深圳湾],"“五险一金,带薪年假,节日福利”",科技金融 / 未融资 / 500-2000人
427,Web 前端开发专家,30k-50k,电商平台 Web前端开发 移动前端开发 React Node.js TypeScript 企业服务,美餐,[北京·朝阳区],“业务稳定增长快、福利拉满、WorkLife Balance”,"消费生活,软件服务｜咨询 / D轮及以上 / 500-2000人"
428,web前端开发工程师,15k-30k,Vue,美摄,[北京·四季青],“团队技术大牛、年终奖、六险一金”,"移动互联网,文娱丨内容 / B轮 / 50-150人"
429,高级web前端开发工程师,16k-25k,在线教育 工具类产品 React Vue Node.js,BT教育,[深圳·新安],“近地铁、五险一金、下午茶、员工体检、氛围nice”,在线教育 / 不需要融资 / 150-500人
430,web前端开发,12k-24k,数据服务｜咨询 IT技术服务｜咨询 JavaScript HTML React Vue,联通（广东）产业互联网...,[广州·官洲],“成长快”,物联网 / 不需要融资 / 500-2000人
431,web前端开发工程师,15k-25k,金融业 科技金融 HTML CSS,广发银行信用卡中心,[佛山·桂城],“双休、福利完善、正式卡中心行员编制”,金融业 / 不需要融资 / 2000人以上
432,web前端开发工程师,15k-25k,数据服务｜咨询 软件服务｜咨询 TypeScript HTML CSS,见数科技,[上海·静安区],“数字孪生热门领域”,"数据服务｜咨询,软件服务｜咨询,人工智能服务 / 不需要融资 / 15-50人"
433,高级web前端开发工程师,15k-25k,人工智能服务 JavaScript HTML CSS,Faraday Future,[成都·高新区],“新能源汽车 团队氛围好 发展前景优”,其他 / A轮 / 500-2000人
434,web前端工程师,20k-40k,IT技术服务｜咨询 人工智能服务 JavaScript Web前端开发 Three.js,其域创新,[深圳·大冲],“高效团队、六险一金、股票期权”,"IT技术服务｜咨询,人工智能服务 / 天使轮 / 50-150人"
435,web前端开发工程师,10k-20k,新零售 电商平台 小程序开发 Vue JavaScript uniapp,水羊,[长沙·岳麓区],“薪酬福利好，学习成长快”,"新零售,电商平台 / 上市公司 / 2000人以上"
436,Web前端开发工程师,25k-35k,人工智能服务 工具类产品 JavaScript HTML CSS Vue,数位大数据科技,[深圳·南山区],“扁平化 下午茶 福利多 弹性 发展前景好”,人工智能服务 / C轮 / 150-500人
437,Web前端开发工程师 (MJ000196),20k-30k,新能源汽车制造 IT技术服务｜咨询 JavaScript CSS VUE HTML5,路特斯,[武汉·武汉经…],“行业发展前景好，规模大， 平台好，团队氛围好”,新能源汽车制造 / 未融资 / 500-2000人
438,web前端工程师,8k-12k,IT技术服务｜咨询 电商平台 Web前端开发,友好速搭,[广州·天河区],"“弹性工时,五险一金,扁平化管理”","IT技术服务｜咨询,营销服务｜咨询 / A轮 / 50-150人"
439,web前端开发工程师,15k-30k,软件服务｜咨询 IT技术服务｜咨询 JavaScript Vue Angular 小程序开发,海鼎科技,[上海·静安区],“五险一金，餐补”,IT技术服务｜咨询 / 未融资 / 150-500人
440,前端开发工程师,6k-12k,软件服务｜咨询 JavaScript Html5 HTML5 Javascript Web前端,图扑软件,[天津·和平区],“六险一金、定期体检、周末双休、弹性工作制”,"企业服务,软件开发 / 不需要融资 / 50-150人"
441,Web Client 前端开发工程师,12k-24k,软件服务｜咨询 React,ZOOM,[合肥·高新区],“成长空间大、福利待遇好、技术挑战高”,"软件服务｜咨询,IT技术服务｜咨询 / 上市公司 / 2000人以上"
442,Web 前端开发工程师 Team Leader (D8997),20k-40k,数据服务｜咨询 软件服务｜咨询 JAVA MySQL ORACLE PostgreSQL(PSQL),深圳钛铂数据有限公司,[深圳·南油],"“五险一金, 团队氛围好, 晋升空间大”",数据服务｜咨询 / A轮 / 50-150人
443,web前端开发,10k-20k,股票期权 带薪年假 扁平管理 领导好,XMind,[深圳·深圳湾],“行业标杆、965、remote办公”,移动互联网 / 不需要融资 / 50-150人
444,web前端工程师（工作地点武汉）,11k-15k,软件服务｜咨询 Vue,六六云链,[北京·太平桥],“薪资待遇好 扁平化管理 周末双休”,"数据服务｜咨询,软件服务｜咨询 / 未融资 / 50-150人"
445,web前端开发工程师,20k-40k,JavaScript TypeScript,每平每屋设计家,[上海·浦东新…],“有挑战的事，上升空间大”,"新零售,工具类产品 / 不需要融资 / 150-500人"
446,web前端开发工程师,10k-15k,电商平台 JavaScript HTML,成都优卡信息科技,[成都·高新区],“六险一金，周末双休”,"软件服务｜咨询,IT技术服务｜咨询 / 不需要融资 / 150-500人"
447,web前端开发工程师,6k-7k,人工智能服务 在线教育 Html5 HTML,生学教育,[成都·高新区],"“五险一金,带薪年假,年终奖金,节日福利”","IT技术服务｜咨询,工具类产品 / A轮 / 150-500人"
448,web前端开发工程师,11k-22k,人工智能服务 教育｜培训 HTML CSS React Vue,微创软件,[上海·虹梅路],“技术能力提升，舒适的办公环境”,IT技术服务｜咨询 / 不需要融资 / 2000人以上
449,教育BG-web前端开发工程师-武汉,15k-25k,人工智能服务,讯飞华中,[武汉·东湖新…],“六险一金、年终奖、带薪年假、股票期权”,人工智能服务 / 上市公司 / 2000人以上
